-17,1,+yJCgzUyyRqawYcPhBbMXYU2mts=,P2BiRKduPaEB7IFXTKg1PAVEpVw=
-20,3,+yJCgzUyyRqawYcPhBbMXYU2mts=,P2BiRKduPaEB7IFXTKg1PAVEpVw=
-21,2,+yJCgzUyyRqawYcPhBbMXYU2mts=,P2BiRKduPaEB7IFXTKg1PAVEpVw=
-19,2,+yJCgzUyyRqawYcPhBbMXYU2mts=,P2BiRKduPaEB7IFXTKg1PAVEpVw=
-20,2,+yJCgzUyyRqawYcPhBbMXYU2mts=,P2BiRKduPaEB7IFXTKg1PAVEpVw=
-23,2,+yJCgzUyyRqawYcPhBbMXYU2mts=,P2BiRKduPaEB7IFXTKg1PAVEpVw=
-24,2,+yJCgzUyyRqawYcPhBbMXYU2mts=,P2BiRKduPaEB7IFXTKg1PAVEpVw=
-17,15,+yJCgzUyyRqawYcPhBbMXYU2mts=,P2BiRKduPaEB7IFXTKg1PAVEpVw=
-22,2,+yJCgzUyyRqawYcPhBbMXYU2mts=,P2BiRKduPaEB7IFXTKg1PAVEpVw=
-25,2,+yJCgzUyyRqawYcPhBbMXYU2mts=,P2BiRKduPaEB7IFXTKg1PAVEpVw=
-29,0,+yJCgzUyyRqawYcPhBbMXYU2mts=,P2BiRKduPaEB7IFXTKg1PAVEpVw=
-26,2,+yJCgzUyyRqawYcPhBbMXYU2mts=,P2BiRKduPaEB7IFXTKg1PAVEpVw=
-28,2,+yJCgzUyyRqawYcPhBbMXYU2mts=,P2BiRKduPaEB7IFXTKg1PAVEpVw=
-18,2,+yJCgzUyyRqawYcPhBbMXYU2mts=,P2BiRKduPaEB7IFXTKg1PAVEpVw=
-27,2,+yJCgzUyyRqawYcPhBbMXYU2mts=,P2BiRKduPaEB7IFXTKg1PAVEpVw=
-30,2,+yJCgzUyyRqawYcPhBbMXYU2mts=,P2BiRKduPaEB7IFXTKg1PAVEpVw=
-21,3,+yJCgzUyyRqawYcPhBbMXYU2mts=,P2BiRKduPaEB7IFXTKg1PAVEpVw=
-31,2,+yJCgzUyyRqawYcPhBbMXYU2mts=,P2BiRKduPaEB7IFXTKg1PAVEpVw=
-28,0,+yJCgzUyyRqawYcPhBbMXYU2mts=,P2BiRKduPaEB7IFXTKg1PAVEpVw=
-20,15,+yJCgzUyyRqawYcPhBbMXYU2mts=,P2BiRKduPaEB7IFXTKg1PAVEpVw=
-32,2,+yJCgzUyyRqawYcPhBbMXYU2mts=,P2BiRKduPaEB7IFXTKg1PAVEpVw=
-21,15,+yJCgzUyyRqawYcPhBbMXYU2mts=,P2BiRKduPaEB7IFXTKg1PAVEpVw=
-19,3,+yJCgzUyyRqawYcPhBbMXYU2mts=,P2BiRKduPaEB7IFXTKg1PAVEpVw=
-19,15,+yJCgzUyyRqawYcPhBbMXYU2mts=,P2BiRKduPaEB7IFXTKg1PAVEpVw=
-18,15,+yJCgzUyyRqawYcPhBbMXYU2mts=,P2BiRKduPaEB7IFXTKg1PAVEpVw=
-22,15,rOZ58lXcCYL6RR0WG2H6SHS1Lfw=,P2BiRKduPaEB7IFXTKg1PAVEpVw=
-26,15,rOZ58lXcCYL6RR0WG2H6SHS1Lfw=,P2BiRKduPaEB7IFXTKg1PAVEpVw=
-18,3,rOZ58lXcCYL6RR0WG2H6SHS1Lfw=,P2BiRKduPaEB7IFXTKg1PAVEpVw=
-27,15,rOZ58lXcCYL6RR0WG2H6SHS1Lfw=,P2BiRKduPaEB7IFXTKg1PAVEpVw=
-17,3,rOZ58lXcCYL6RR0WG2H6SHS1Lfw=,P2BiRKduPaEB7IFXTKg1PAVEpVw=
-23,15,rOZ58lXcCYL6RR0WG2H6SHS1Lfw=,P2BiRKduPaEB7IFXTKg1PAVEpVw=
-24,15,rOZ58lXcCYL6RR0WG2H6SHS1Lfw=,P2BiRKduPaEB7IFXTKg1PAVEpVw=
-25,15,rOZ58lXcCYL6RR0WG2H6SHS1Lfw=,P2BiRKduPaEB7IFXTKg1PAVEpVw=
-32,4,rOZ58lXcCYL6RR0WG2H6SHS1Lfw=,P2BiRKduPaEB7IFXTKg1PAVEpVw=
-30,0,rOZ58lXcCYL6RR0WG2H6SHS1Lfw=,P2BiRKduPaEB7IFXTKg1PAVEpVw=
-28,15,rOZ58lXcCYL6RR0WG2H6SHS1Lfw=,P2BiRKduPaEB7IFXTKg1PAVEpVw=
-29,15,rOZ58lXcCYL6RR0WG2H6SHS1Lfw=,P2BiRKduPaEB7IFXTKg1PAVEpVw=
-22,3,rOZ58lXcCYL6RR0WG2H6SHS1Lfw=,P2BiRKduPaEB7IFXTKg1PAVEpVw=
-30,15,rOZ58lXcCYL6RR0WG2H6SHS1Lfw=,P2BiRKduPaEB7IFXTKg1PAVEpVw=
-27,0,rOZ58lXcCYL6RR0WG2H6SHS1Lfw=,P2BiRKduPaEB7IFXTKg1PAVEpVw=
-18,1,rOZ58lXcCYL6RR0WG2H6SHS1Lfw=,P2BiRKduPaEB7IFXTKg1PAVEpVw=
-17,14,rOZ58lXcCYL6RR0WG2H6SHS1Lfw=,P2BiRKduPaEB7IFXTKg1PAVEpVw=
-32,15,rOZ58lXcCYL6RR0WG2H6SHS1Lfw=,P2BiRKduPaEB7IFXTKg1PAVEpVw=
-18,14,rOZ58lXcCYL6RR0WG2H6SHS1Lfw=,P2BiRKduPaEB7IFXTKg1PAVEpVw=
-20,14,rOZ58lXcCYL6RR0WG2H6SHS1Lfw=,P2BiRKduPaEB7IFXTKg1PAVEpVw=
-31,15,rOZ58lXcCYL6RR0WG2H6SHS1Lfw=,P2BiRKduPaEB7IFXTKg1PAVEpVw=
-21,14,rOZ58lXcCYL6RR0WG2H6SHS1Lfw=,P2BiRKduPaEB7IFXTKg1PAVEpVw=
-19,14,rOZ58lXcCYL6RR0WG2H6SHS1Lfw=,P2BiRKduPaEB7IFXTKg1PAVEpVw=
-22,14,rOZ58lXcCYL6RR0WG2H6SHS1Lfw=,P2BiRKduPaEB7IFXTKg1PAVEpVw=
-24,14,rOZ58lXcCYL6RR0WG2H6SHS1Lfw=,P2BiRKduPaEB7IFXTKg1PAVEpVw=
-23,14,rOZ58lXcCYL6RR0WG2H6SHS1Lfw=,P2BiRKduPaEB7IFXTKg1PAVEpVw=
-25,14,rOZ58lXcCYL6RR0WG2H6SHS1Lfw=,P2BiRKduPaEB7IFXTKg1PAVEpVw=
-27,14,rOZ58lXcCYL6RR0WG2H6SHS1Lfw=,P2BiRKduPaEB7IFXTKg1PAVEpVw=
-26,14,rOZ58lXcCYL6RR0WG2H6SHS1Lfw=,P2BiRKduPaEB7IFXTKg1PAVEpVw=
-23,3,rOZ58lXcCYL6RR0WG2H6SHS1Lfw=,P2BiRKduPaEB7IFXTKg1PAVEpVw=
-28,14,rOZ58lXcCYL6RR0WG2H6SHS1Lfw=,P2BiRKduPaEB7IFXTKg1PAVEpVw=
-29,14,rOZ58lXcCYL6RR0WG2H6SHS1Lfw=,P2BiRKduPaEB7IFXTKg1PAVEpVw=
-31,1,rOZ58lXcCYL6RR0WG2H6SHS1Lfw=,P2BiRKduPaEB7IFXTKg1PAVEpVw=
-30,14,rOZ58lXcCYL6RR0WG2H6SHS1Lfw=,P2BiRKduPaEB7IFXTKg1PAVEpVw=
-29,2,rOZ58lXcCYL6RR0WG2H6SHS1Lfw=,P2BiRKduPaEB7IFXTKg1PAVEpVw=
-31,0,rOZ58lXcCYL6RR0WG2H6SHS1Lfw=,P2BiRKduPaEB7IFXTKg1PAVEpVw=
-31,14,rOZ58lXcCYL6RR0WG2H6SHS1Lfw=,P2BiRKduPaEB7IFXTKg1PAVEpVw=
-32,14,rOZ58lXcCYL6RR0WG2H6SHS1Lfw=,P2BiRKduPaEB7IFXTKg1PAVEpVw=
-20,13,rOZ58lXcCYL6RR0WG2H6SHS1Lfw=,P2BiRKduPaEB7IFXTKg1PAVEpVw=
-19,13,rOZ58lXcCYL6RR0WG2H6SHS1Lfw=,P2BiRKduPaEB7IFXTKg1PAVEpVw=
-18,13,rOZ58lXcCYL6RR0WG2H6SHS1Lfw=,P2BiRKduPaEB7IFXTKg1PAVEpVw=
-22,13,rOZ58lXcCYL6RR0WG2H6SHS1Lfw=,P2BiRKduPaEB7IFXTKg1PAVEpVw=
-17,13,rOZ58lXcCYL6RR0WG2H6SHS1Lfw=,P2BiRKduPaEB7IFXTKg1PAVEpVw=
-23,13,rOZ58lXcCYL6RR0WG2H6SHS1Lfw=,P2BiRKduPaEB7IFXTKg1PAVEpVw=
-21,13,rOZ58lXcCYL6RR0WG2H6SHS1Lfw=,P2BiRKduPaEB7IFXTKg1PAVEpVw=
-24,13,rOZ58lXcCYL6RR0WG2H6SHS1Lfw=,P2BiRKduPaEB7IFXTKg1PAVEpVw=
-25,13,rOZ58lXcCYL6RR0WG2H6SHS1Lfw=,P2BiRKduPaEB7IFXTKg1PAVEpVw=
-17,0,rOZ58lXcCYL6RR0WG2H6SHS1Lfw=,P2BiRKduPaEB7IFXTKg1PAVEpVw=
-26,13,rOZ58lXcCYL6RR0WG2H6SHS1Lfw=,P2BiRKduPaEB7IFXTKg1PAVEpVw=
-24,3,rOZ58lXcCYL6RR0WG2H6SHS1Lfw=,P2BiRKduPaEB7IFXTKg1PAVEpVw=
-27,13,rOZ58lXcCYL6RR0WG2H6SHS1Lfw=,P2BiRKduPaEB7IFXTKg1PAVEpVw=
-32,1,rOZ58lXcCYL6RR0WG2H6SHS1Lfw=,P2BiRKduPaEB7IFXTKg1PAVEpVw=
-29,13,rOZ58lXcCYL6RR0WG2H6SHS1Lfw=,P2BiRKduPaEB7IFXTKg1PAVEpVw=
-19,1,rOZ58lXcCYL6RR0WG2H6SHS1Lfw=,P2BiRKduPaEB7IFXTKg1PAVEpVw=
-31,13,rOZ58lXcCYL6RR0WG2H6SHS1Lfw=,P2BiRKduPaEB7IFXTKg1PAVEpVw=
-32,13,rOZ58lXcCYL6RR0WG2H6SHS1Lfw=,P2BiRKduPaEB7IFXTKg1PAVEpVw=
-30,13,rOZ58lXcCYL6RR0WG2H6SHS1Lfw=,P2BiRKduPaEB7IFXTKg1PAVEpVw=
-20,1,rOZ58lXcCYL6RR0WG2H6SHS1Lfw=,P2BiRKduPaEB7IFXTKg1PAVEpVw=
-19,12,rOZ58lXcCYL6RR0WG2H6SHS1Lfw=,P2BiRKduPaEB7IFXTKg1PAVEpVw=
-30,1,rOZ58lXcCYL6RR0WG2H6SHS1Lfw=,P2BiRKduPaEB7IFXTKg1PAVEpVw=
-22,12,rOZ58lXcCYL6RR0WG2H6SHS1Lfw=,P2BiRKduPaEB7IFXTKg1PAVEpVw=
-23,12,rOZ58lXcCYL6RR0WG2H6SHS1Lfw=,P2BiRKduPaEB7IFXTKg1PAVEpVw=
-31,4,rOZ58lXcCYL6RR0WG2H6SHS1Lfw=,P2BiRKduPaEB7IFXTKg1PAVEpVw=
-28,13,rOZ58lXcCYL6RR0WG2H6SHS1Lfw=,P2BiRKduPaEB7IFXTKg1PAVEpVw=
-24,12,rOZ58lXcCYL6RR0WG2H6SHS1Lfw=,P2BiRKduPaEB7IFXTKg1PAVEpVw=
-25,12,rOZ58lXcCYL6RR0WG2H6SHS1Lfw=,P2BiRKduPaEB7IFXTKg1PAVEpVw=
-30,4,rOZ58lXcCYL6RR0WG2H6SHS1Lfw=,P2BiRKduPaEB7IFXTKg1PAVEpVw=
-26,12,rOZ58lXcCYL6RR0WG2H6SHS1Lfw=,P2BiRKduPaEB7IFXTKg1PAVEpVw=
-29,4,rOZ58lXcCYL6RR0WG2H6SHS1Lfw=,P2BiRKduPaEB7IFXTKg1PAVEpVw=
-27,12,rOZ58lXcCYL6RR0WG2H6SHS1Lfw=,P2BiRKduPaEB7IFXTKg1PAVEpVw=
-17,12,rOZ58lXcCYL6RR0WG2H6SHS1Lfw=,P2BiRKduPaEB7IFXTKg1PAVEpVw=
-21,12,rOZ58lXcCYL6RR0WG2H6SHS1Lfw=,P2BiRKduPaEB7IFXTKg1PAVEpVw=
-18,0,rOZ58lXcCYL6RR0WG2H6SHS1Lfw=,P2BiRKduPaEB7IFXTKg1PAVEpVw=
-25,3,rOZ58lXcCYL6RR0WG2H6SHS1Lfw=,P2BiRKduPaEB7IFXTKg1PAVEpVw=
-28,12,rOZ58lXcCYL6RR0WG2H6SHS1Lfw=,P2BiRKduPaEB7IFXTKg1PAVEpVw=
-31,12,rOZ58lXcCYL6RR0WG2H6SHS1Lfw=,P2BiRKduPaEB7IFXTKg1PAVEpVw=
-28,4,rOZ58lXcCYL6RR0WG2H6SHS1Lfw=,P2BiRKduPaEB7IFXTKg1PAVEpVw=
-30,12,rOZ58lXcCYL6RR0WG2H6SHS1Lfw=,P2BiRKduPaEB7IFXTKg1PAVEpVw=
-20,12,rOZ58lXcCYL6RR0WG2H6SHS1Lfw=,P2BiRKduPaEB7IFXTKg1PAVEpVw=
-32,12,rOZ58lXcCYL6RR0WG2H6SHS1Lfw=,P2BiRKduPaEB7IFXTKg1PAVEpVw=
-29,12,rOZ58lXcCYL6RR0WG2H6SHS1Lfw=,P2BiRKduPaEB7IFXTKg1PAVEpVw=
-21,1,rOZ58lXcCYL6RR0WG2H6SHS1Lfw=,P2BiRKduPaEB7IFXTKg1PAVEpVw=
-17,11,rOZ58lXcCYL6RR0WG2H6SHS1Lfw=,P2BiRKduPaEB7IFXTKg1PAVEpVw=
-27,4,rOZ58lXcCYL6RR0WG2H6SHS1Lfw=,P2BiRKduPaEB7IFXTKg1PAVEpVw=
-18,11,rOZ58lXcCYL6RR0WG2H6SHS1Lfw=,P2BiRKduPaEB7IFXTKg1PAVEpVw=
-21,11,rOZ58lXcCYL6RR0WG2H6SHS1Lfw=,P2BiRKduPaEB7IFXTKg1PAVEpVw=
-18,12,rOZ58lXcCYL6RR0WG2H6SHS1Lfw=,P2BiRKduPaEB7IFXTKg1PAVEpVw=
-25,11,rOZ58lXcCYL6RR0WG2H6SHS1Lfw=,P2BiRKduPaEB7IFXTKg1PAVEpVw=
-26,11,rOZ58lXcCYL6RR0WG2H6SHS1Lfw=,P2BiRKduPaEB7IFXTKg1PAVEpVw=
-20,11,rOZ58lXcCYL6RR0WG2H6SHS1Lfw=,P2BiRKduPaEB7IFXTKg1PAVEpVw=
-27,11,rOZ58lXcCYL6RR0WG2H6SHS1Lfw=,P2BiRKduPaEB7IFXTKg1PAVEpVw=
-26,4,rOZ58lXcCYL6RR0WG2H6SHS1Lfw=,P2BiRKduPaEB7IFXTKg1PAVEpVw=
-19,0,rOZ58lXcCYL6RR0WG2H6SHS1Lfw=,P2BiRKduPaEB7IFXTKg1PAVEpVw=
-23,11,rOZ58lXcCYL6RR0WG2H6SHS1Lfw=,P2BiRKduPaEB7IFXTKg1PAVEpVw=
-25,4,rOZ58lXcCYL6RR0WG2H6SHS1Lfw=,P2BiRKduPaEB7IFXTKg1PAVEpVw=
-26,3,rOZ58lXcCYL6RR0WG2H6SHS1Lfw=,P2BiRKduPaEB7IFXTKg1PAVEpVw=
-24,4,rOZ58lXcCYL6RR0WG2H6SHS1Lfw=,P2BiRKduPaEB7IFXTKg1PAVEpVw=
-23,4,rOZ58lXcCYL6RR0WG2H6SHS1Lfw=,P2BiRKduPaEB7IFXTKg1PAVEpVw=
-24,11,rOZ58lXcCYL6RR0WG2H6SHS1Lfw=,P2BiRKduPaEB7IFXTKg1PAVEpVw=
-22,4,rOZ58lXcCYL6RR0WG2H6SHS1Lfw=,P2BiRKduPaEB7IFXTKg1PAVEpVw=
-21,4,rOZ58lXcCYL6RR0WG2H6SHS1Lfw=,P2BiRKduPaEB7IFXTKg1PAVEpVw=
-17,2,rOZ58lXcCYL6RR0WG2H6SHS1Lfw=,P2BiRKduPaEB7IFXTKg1PAVEpVw=
-28,11,rOZ58lXcCYL6RR0WG2H6SHS1Lfw=,P2BiRKduPaEB7IFXTKg1PAVEpVw=
-29,11,rOZ58lXcCYL6RR0WG2H6SHS1Lfw=,P2BiRKduPaEB7IFXTKg1PAVEpVw=
-30,11,rOZ58lXcCYL6RR0WG2H6SHS1Lfw=,P2BiRKduPaEB7IFXTKg1PAVEpVw=
-22,11,rOZ58lXcCYL6RR0WG2H6SHS1Lfw=,P2BiRKduPaEB7IFXTKg1PAVEpVw=
-22,1,rOZ58lXcCYL6RR0WG2H6SHS1Lfw=,P2BiRKduPaEB7IFXTKg1PAVEpVw=
-26,0,rOZ58lXcCYL6RR0WG2H6SHS1Lfw=,P2BiRKduPaEB7IFXTKg1PAVEpVw=
-17,10,rOZ58lXcCYL6RR0WG2H6SHS1Lfw=,P2BiRKduPaEB7IFXTKg1PAVEpVw=
-19,11,rOZ58lXcCYL6RR0WG2H6SHS1Lfw=,P2BiRKduPaEB7IFXTKg1PAVEpVw=
-18,10,rOZ58lXcCYL6RR0WG2H6SHS1Lfw=,P2BiRKduPaEB7IFXTKg1PAVEpVw=
-20,4,rOZ58lXcCYL6RR0WG2H6SHS1Lfw=,P2BiRKduPaEB7IFXTKg1PAVEpVw=
-20,10,rOZ58lXcCYL6RR0WG2H6SHS1Lfw=,P2BiRKduPaEB7IFXTKg1PAVEpVw=
-21,10,rOZ58lXcCYL6RR0WG2H6SHS1Lfw=,P2BiRKduPaEB7IFXTKg1PAVEpVw=
-22,10,rOZ58lXcCYL6RR0WG2H6SHS1Lfw=,P2BiRKduPaEB7IFXTKg1PAVEpVw=
-19,4,rOZ58lXcCYL6RR0WG2H6SHS1Lfw=,P2BiRKduPaEB7IFXTKg1PAVEpVw=
-18,4,rOZ58lXcCYL6RR0WG2H6SHS1Lfw=,P2BiRKduPaEB7IFXTKg1PAVEpVw=
-25,10,rOZ58lXcCYL6RR0WG2H6SHS1Lfw=,P2BiRKduPaEB7IFXTKg1PAVEpVw=
-23,10,rOZ58lXcCYL6RR0WG2H6SHS1Lfw=,P2BiRKduPaEB7IFXTKg1PAVEpVw=
-32,0,rOZ58lXcCYL6RR0WG2H6SHS1Lfw=,P2BiRKduPaEB7IFXTKg1PAVEpVw=
-24,10,rOZ58lXcCYL6RR0WG2H6SHS1Lfw=,P2BiRKduPaEB7IFXTKg1PAVEpVw=
-32,11,rOZ58lXcCYL6RR0WG2H6SHS1Lfw=,P2BiRKduPaEB7IFXTKg1PAVEpVw=
-17,4,rOZ58lXcCYL6RR0WG2H6SHS1Lfw=,P2BiRKduPaEB7IFXTKg1PAVEpVw=
-20,0,rOZ58lXcCYL6RR0WG2H6SHS1Lfw=,P2BiRKduPaEB7IFXTKg1PAVEpVw=
-26,10,rOZ58lXcCYL6RR0WG2H6SHS1Lfw=,P2BiRKduPaEB7IFXTKg1PAVEpVw=
-27,10,rOZ58lXcCYL6RR0WG2H6SHS1Lfw=,P2BiRKduPaEB7IFXTKg1PAVEpVw=
-27,3,rOZ58lXcCYL6RR0WG2H6SHS1Lfw=,P2BiRKduPaEB7IFXTKg1PAVEpVw=
-23,1,rOZ58lXcCYL6RR0WG2H6SHS1Lfw=,P2BiRKduPaEB7IFXTKg1PAVEpVw=
-29,10,rOZ58lXcCYL6RR0WG2H6SHS1Lfw=,P2BiRKduPaEB7IFXTKg1PAVEpVw=
-30,10,rOZ58lXcCYL6RR0WG2H6SHS1Lfw=,P2BiRKduPaEB7IFXTKg1PAVEpVw=
-28,10,rOZ58lXcCYL6RR0WG2H6SHS1Lfw=,P2BiRKduPaEB7IFXTKg1PAVEpVw=
-17,9,rOZ58lXcCYL6RR0WG2H6SHS1Lfw=,P2BiRKduPaEB7IFXTKg1PAVEpVw=
-32,10,rOZ58lXcCYL6RR0WG2H6SHS1Lfw=,P2BiRKduPaEB7IFXTKg1PAVEpVw=
-31,10,rOZ58lXcCYL6RR0WG2H6SHS1Lfw=,P2BiRKduPaEB7IFXTKg1PAVEpVw=
-18,9,rOZ58lXcCYL6RR0WG2H6SHS1Lfw=,P2BiRKduPaEB7IFXTKg1PAVEpVw=
-20,9,rOZ58lXcCYL6RR0WG2H6SHS1Lfw=,P2BiRKduPaEB7IFXTKg1PAVEpVw=
-22,9,rOZ58lXcCYL6RR0WG2H6SHS1Lfw=,P2BiRKduPaEB7IFXTKg1PAVEpVw=
-23,9,rOZ58lXcCYL6RR0WG2H6SHS1Lfw=,P2BiRKduPaEB7IFXTKg1PAVEpVw=
-24,9,rOZ58lXcCYL6RR0WG2H6SHS1Lfw=,P2BiRKduPaEB7IFXTKg1PAVEpVw=
-21,0,rOZ58lXcCYL6RR0WG2H6SHS1Lfw=,P2BiRKduPaEB7IFXTKg1PAVEpVw=
-25,9,rOZ58lXcCYL6RR0WG2H6SHS1Lfw=,P2BiRKduPaEB7IFXTKg1PAVEpVw=
-28,3,rOZ58lXcCYL6RR0WG2H6SHS1Lfw=,P2BiRKduPaEB7IFXTKg1PAVEpVw=
-26,9,rOZ58lXcCYL6RR0WG2H6SHS1Lfw=,P2BiRKduPaEB7IFXTKg1PAVEpVw=
-27,9,rOZ58lXcCYL6RR0WG2H6SHS1Lfw=,P2BiRKduPaEB7IFXTKg1PAVEpVw=
-31,11,rOZ58lXcCYL6RR0WG2H6SHS1Lfw=,P2BiRKduPaEB7IFXTKg1PAVEpVw=
-28,9,rOZ58lXcCYL6RR0WG2H6SHS1Lfw=,P2BiRKduPaEB7IFXTKg1PAVEpVw=
-24,1,rOZ58lXcCYL6RR0WG2H6SHS1Lfw=,P2BiRKduPaEB7IFXTKg1PAVEpVw=
-17,8,rOZ58lXcCYL6RR0WG2H6SHS1Lfw=,P2BiRKduPaEB7IFXTKg1PAVEpVw=
-19,10,rOZ58lXcCYL6RR0WG2H6SHS1Lfw=,P2BiRKduPaEB7IFXTKg1PAVEpVw=
-31,9,rOZ58lXcCYL6RR0WG2H6SHS1Lfw=,P2BiRKduPaEB7IFXTKg1PAVEpVw=
-18,8,rOZ58lXcCYL6RR0WG2H6SHS1Lfw=,P2BiRKduPaEB7IFXTKg1PAVEpVw=
-19,8,rOZ58lXcCYL6RR0WG2H6SHS1Lfw=,P2BiRKduPaEB7IFXTKg1PAVEpVw=
-20,8,rOZ58lXcCYL6RR0WG2H6SHS1Lfw=,P2BiRKduPaEB7IFXTKg1PAVEpVw=
-21,9,rOZ58lXcCYL6RR0WG2H6SHS1Lfw=,P2BiRKduPaEB7IFXTKg1PAVEpVw=
-19,9,rOZ58lXcCYL6RR0WG2H6SHS1Lfw=,P2BiRKduPaEB7IFXTKg1PAVEpVw=
-22,0,rOZ58lXcCYL6RR0WG2H6SHS1Lfw=,P2BiRKduPaEB7IFXTKg1PAVEpVw=
-32,5,rOZ58lXcCYL6RR0WG2H6SHS1Lfw=,P2BiRKduPaEB7IFXTKg1PAVEpVw=
-21,8,rOZ58lXcCYL6RR0WG2H6SHS1Lfw=,P2BiRKduPaEB7IFXTKg1PAVEpVw=
-23,8,rOZ58lXcCYL6RR0WG2H6SHS1Lfw=,P2BiRKduPaEB7IFXTKg1PAVEpVw=
-22,8,rOZ58lXcCYL6RR0WG2H6SHS1Lfw=,P2BiRKduPaEB7IFXTKg1PAVEpVw=
-29,3,rOZ58lXcCYL6RR0WG2H6SHS1Lfw=,P2BiRKduPaEB7IFXTKg1PAVEpVw=
-24,8,rOZ58lXcCYL6RR0WG2H6SHS1Lfw=,P2BiRKduPaEB7IFXTKg1PAVEpVw=
-29,1,rOZ58lXcCYL6RR0WG2H6SHS1Lfw=,P2BiRKduPaEB7IFXTKg1PAVEpVw=
-27,8,rOZ58lXcCYL6RR0WG2H6SHS1Lfw=,P2BiRKduPaEB7IFXTKg1PAVEpVw=
-25,8,rOZ58lXcCYL6RR0WG2H6SHS1Lfw=,P2BiRKduPaEB7IFXTKg1PAVEpVw=
-31,5,rOZ58lXcCYL6RR0WG2H6SHS1Lfw=,P2BiRKduPaEB7IFXTKg1PAVEpVw=
-26,8,rOZ58lXcCYL6RR0WG2H6SHS1Lfw=,P2BiRKduPaEB7IFXTKg1PAVEpVw=
-28,8,rOZ58lXcCYL6RR0WG2H6SHS1Lfw=,P2BiRKduPaEB7IFXTKg1PAVEpVw=
-31,8,rOZ58lXcCYL6RR0WG2H6SHS1Lfw=,P2BiRKduPaEB7IFXTKg1PAVEpVw=
-17,7,rOZ58lXcCYL6RR0WG2H6SHS1Lfw=,P2BiRKduPaEB7IFXTKg1PAVEpVw=
-25,1,rOZ58lXcCYL6RR0WG2H6SHS1Lfw=,P2BiRKduPaEB7IFXTKg1PAVEpVw=
-32,8,rOZ58lXcCYL6RR0WG2H6SHS1Lfw=,P2BiRKduPaEB7IFXTKg1PAVEpVw=
-30,8,rOZ58lXcCYL6RR0WG2H6SHS1Lfw=,P2BiRKduPaEB7IFXTKg1PAVEpVw=
-19,7,rOZ58lXcCYL6RR0WG2H6SHS1Lfw=,P2BiRKduPaEB7IFXTKg1PAVEpVw=
-29,8,rOZ58lXcCYL6RR0WG2H6SHS1Lfw=,P2BiRKduPaEB7IFXTKg1PAVEpVw=
-18,7,rOZ58lXcCYL6RR0WG2H6SHS1Lfw=,P2BiRKduPaEB7IFXTKg1PAVEpVw=
-30,5,rOZ58lXcCYL6RR0WG2H6SHS1Lfw=,P2BiRKduPaEB7IFXTKg1PAVEpVw=
-23,0,rOZ58lXcCYL6RR0WG2H6SHS1Lfw=,P2BiRKduPaEB7IFXTKg1PAVEpVw=
-29,5,rOZ58lXcCYL6RR0WG2H6SHS1Lfw=,P2BiRKduPaEB7IFXTKg1PAVEpVw=
-20,7,rOZ58lXcCYL6RR0WG2H6SHS1Lfw=,P2BiRKduPaEB7IFXTKg1PAVEpVw=
-21,7,rOZ58lXcCYL6RR0WG2H6SHS1Lfw=,P2BiRKduPaEB7IFXTKg1PAVEpVw=
-22,7,rOZ58lXcCYL6RR0WG2H6SHS1Lfw=,P2BiRKduPaEB7IFXTKg1PAVEpVw=
-23,7,rOZ58lXcCYL6RR0WG2H6SHS1Lfw=,P2BiRKduPaEB7IFXTKg1PAVEpVw=
-30,3,rOZ58lXcCYL6RR0WG2H6SHS1Lfw=,P2BiRKduPaEB7IFXTKg1PAVEpVw=
-28,5,rOZ58lXcCYL6RR0WG2H6SHS1Lfw=,P2BiRKduPaEB7IFXTKg1PAVEpVw=
-24,7,rOZ58lXcCYL6RR0WG2H6SHS1Lfw=,P2BiRKduPaEB7IFXTKg1PAVEpVw=
-26,7,rOZ58lXcCYL6RR0WG2H6SHS1Lfw=,P2BiRKduPaEB7IFXTKg1PAVEpVw=
-25,7,rOZ58lXcCYL6RR0WG2H6SHS1Lfw=,P2BiRKduPaEB7IFXTKg1PAVEpVw=
-27,7,rOZ58lXcCYL6RR0WG2H6SHS1Lfw=,P2BiRKduPaEB7IFXTKg1PAVEpVw=
-27,5,rOZ58lXcCYL6RR0WG2H6SHS1Lfw=,P2BiRKduPaEB7IFXTKg1PAVEpVw=
-31,7,rOZ58lXcCYL6RR0WG2H6SHS1Lfw=,P2BiRKduPaEB7IFXTKg1PAVEpVw=
-28,7,rOZ58lXcCYL6RR0WG2H6SHS1Lfw=,P2BiRKduPaEB7IFXTKg1PAVEpVw=
-32,7,rOZ58lXcCYL6RR0WG2H6SHS1Lfw=,P2BiRKduPaEB7IFXTKg1PAVEpVw=
-29,7,rOZ58lXcCYL6RR0WG2H6SHS1Lfw=,P2BiRKduPaEB7IFXTKg1PAVEpVw=
-30,7,rOZ58lXcCYL6RR0WG2H6SHS1Lfw=,P2BiRKduPaEB7IFXTKg1PAVEpVw=
-20,6,rOZ58lXcCYL6RR0WG2H6SHS1Lfw=,P2BiRKduPaEB7IFXTKg1PAVEpVw=
-26,1,rOZ58lXcCYL6RR0WG2H6SHS1Lfw=,P2BiRKduPaEB7IFXTKg1PAVEpVw=
-18,6,rOZ58lXcCYL6RR0WG2H6SHS1Lfw=,P2BiRKduPaEB7IFXTKg1PAVEpVw=
-17,6,rOZ58lXcCYL6RR0WG2H6SHS1Lfw=,P2BiRKduPaEB7IFXTKg1PAVEpVw=
-22,6,rOZ58lXcCYL6RR0WG2H6SHS1Lfw=,P2BiRKduPaEB7IFXTKg1PAVEpVw=
-24,0,rOZ58lXcCYL6RR0WG2H6SHS1Lfw=,P2BiRKduPaEB7IFXTKg1PAVEpVw=
-19,6,rOZ58lXcCYL6RR0WG2H6SHS1Lfw=,P2BiRKduPaEB7IFXTKg1PAVEpVw=
-26,5,rOZ58lXcCYL6RR0WG2H6SHS1Lfw=,P2BiRKduPaEB7IFXTKg1PAVEpVw=
-21,6,rOZ58lXcCYL6RR0WG2H6SHS1Lfw=,P2BiRKduPaEB7IFXTKg1PAVEpVw=
-25,6,rOZ58lXcCYL6RR0WG2H6SHS1Lfw=,P2BiRKduPaEB7IFXTKg1PAVEpVw=
-24,6,rOZ58lXcCYL6RR0WG2H6SHS1Lfw=,P2BiRKduPaEB7IFXTKg1PAVEpVw=
-23,6,rOZ58lXcCYL6RR0WG2H6SHS1Lfw=,P2BiRKduPaEB7IFXTKg1PAVEpVw=
-31,3,rOZ58lXcCYL6RR0WG2H6SHS1Lfw=,P2BiRKduPaEB7IFXTKg1PAVEpVw=
-25,5,rOZ58lXcCYL6RR0WG2H6SHS1Lfw=,P2BiRKduPaEB7IFXTKg1PAVEpVw=
-26,6,rOZ58lXcCYL6RR0WG2H6SHS1Lfw=,P2BiRKduPaEB7IFXTKg1PAVEpVw=
-29,9,rOZ58lXcCYL6RR0WG2H6SHS1Lfw=,P2BiRKduPaEB7IFXTKg1PAVEpVw=
-27,6,rOZ58lXcCYL6RR0WG2H6SHS1Lfw=,P2BiRKduPaEB7IFXTKg1PAVEpVw=
-28,6,rOZ58lXcCYL6RR0WG2H6SHS1Lfw=,P2BiRKduPaEB7IFXTKg1PAVEpVw=
-24,5,rOZ58lXcCYL6RR0WG2H6SHS1Lfw=,P2BiRKduPaEB7IFXTKg1PAVEpVw=
-29,6,rOZ58lXcCYL6RR0WG2H6SHS1Lfw=,P2BiRKduPaEB7IFXTKg1PAVEpVw=
-18,5,rOZ58lXcCYL6RR0WG2H6SHS1Lfw=,P2BiRKduPaEB7IFXTKg1PAVEpVw=
-17,5,rOZ58lXcCYL6RR0WG2H6SHS1Lfw=,P2BiRKduPaEB7IFXTKg1PAVEpVw=
-23,5,rOZ58lXcCYL6RR0WG2H6SHS1Lfw=,P2BiRKduPaEB7IFXTKg1PAVEpVw=
-27,1,rOZ58lXcCYL6RR0WG2H6SHS1Lfw=,P2BiRKduPaEB7IFXTKg1PAVEpVw=
-20,5,rOZ58lXcCYL6RR0WG2H6SHS1Lfw=,P2BiRKduPaEB7IFXTKg1PAVEpVw=
-19,5,rOZ58lXcCYL6RR0WG2H6SHS1Lfw=,P2BiRKduPaEB7IFXTKg1PAVEpVw=
-25,0,rOZ58lXcCYL6RR0WG2H6SHS1Lfw=,P2BiRKduPaEB7IFXTKg1PAVEpVw=
-31,6,rOZ58lXcCYL6RR0WG2H6SHS1Lfw=,P2BiRKduPaEB7IFXTKg1PAVEpVw=
-30,6,rOZ58lXcCYL6RR0WG2H6SHS1Lfw=,P2BiRKduPaEB7IFXTKg1PAVEpVw=
-22,5,rOZ58lXcCYL6RR0WG2H6SHS1Lfw=,P2BiRKduPaEB7IFXTKg1PAVEpVw=
-32,6,rOZ58lXcCYL6RR0WG2H6SHS1Lfw=,P2BiRKduPaEB7IFXTKg1PAVEpVw=
-21,5,rOZ58lXcCYL6RR0WG2H6SHS1Lfw=,P2BiRKduPaEB7IFXTKg1PAVEpVw=
-30,9,rOZ58lXcCYL6RR0WG2H6SHS1Lfw=,P2BiRKduPaEB7IFXTKg1PAVEpVw=
-32,9,rOZ58lXcCYL6RR0WG2H6SHS1Lfw=,P2BiRKduPaEB7IFXTKg1PAVEpVw=
-32,3,rOZ58lXcCYL6RR0WG2H6SHS1Lfw=,P2BiRKduPaEB7IFXTKg1PAVEpVw=
-28,1,rOZ58lXcCYL6RR0WG2H6SHS1Lfw=,P2BiRKduPaEB7IFXTKg1PAVEpVw=
-18,18,rOZ58lXcCYL6RR0WG2H6SHS1Lfw=,P2BiRKduPaEB7IFXTKg1PAVEpVw=
-29,16,rOZ58lXcCYL6RR0WG2H6SHS1Lfw=,P2BiRKduPaEB7IFXTKg1PAVEpVw=
-19,18,rOZ58lXcCYL6RR0WG2H6SHS1Lfw=,P2BiRKduPaEB7IFXTKg1PAVEpVw=
-18,31,rOZ58lXcCYL6RR0WG2H6SHS1Lfw=,P2BiRKduPaEB7IFXTKg1PAVEpVw=
-17,31,rOZ58lXcCYL6RR0WG2H6SHS1Lfw=,P2BiRKduPaEB7IFXTKg1PAVEpVw=
-20,31,rOZ58lXcCYL6RR0WG2H6SHS1Lfw=,P2BiRKduPaEB7IFXTKg1PAVEpVw=
-22,31,rOZ58lXcCYL6RR0WG2H6SHS1Lfw=,P2BiRKduPaEB7IFXTKg1PAVEpVw=
-21,31,rOZ58lXcCYL6RR0WG2H6SHS1Lfw=,P2BiRKduPaEB7IFXTKg1PAVEpVw=
-23,31,rOZ58lXcCYL6RR0WG2H6SHS1Lfw=,P2BiRKduPaEB7IFXTKg1PAVEpVw=
-25,31,rOZ58lXcCYL6RR0WG2H6SHS1Lfw=,P2BiRKduPaEB7IFXTKg1PAVEpVw=
-19,31,rOZ58lXcCYL6RR0WG2H6SHS1Lfw=,P2BiRKduPaEB7IFXTKg1PAVEpVw=
-28,31,rOZ58lXcCYL6RR0WG2H6SHS1Lfw=,P2BiRKduPaEB7IFXTKg1PAVEpVw=
-26,31,rOZ58lXcCYL6RR0WG2H6SHS1Lfw=,P2BiRKduPaEB7IFXTKg1PAVEpVw=
-29,31,rOZ58lXcCYL6RR0WG2H6SHS1Lfw=,P2BiRKduPaEB7IFXTKg1PAVEpVw=
-30,31,+4bvLwyYWOQMCYoyFaXEtNCQHQU=,P2BiRKduPaEB7IFXTKg1PAVEpVw=
-17,17,+4bvLwyYWOQMCYoyFaXEtNCQHQU=,P2BiRKduPaEB7IFXTKg1PAVEpVw=
-18,17,+4bvLwyYWOQMCYoyFaXEtNCQHQU=,P2BiRKduPaEB7IFXTKg1PAVEpVw=
-31,31,+4bvLwyYWOQMCYoyFaXEtNCQHQU=,P2BiRKduPaEB7IFXTKg1PAVEpVw=
-27,31,+4bvLwyYWOQMCYoyFaXEtNCQHQU=,P2BiRKduPaEB7IFXTKg1PAVEpVw=
-20,17,+4bvLwyYWOQMCYoyFaXEtNCQHQU=,P2BiRKduPaEB7IFXTKg1PAVEpVw=
-19,17,+4bvLwyYWOQMCYoyFaXEtNCQHQU=,P2BiRKduPaEB7IFXTKg1PAVEpVw=
-22,17,+4bvLwyYWOQMCYoyFaXEtNCQHQU=,P2BiRKduPaEB7IFXTKg1PAVEpVw=
-21,17,+4bvLwyYWOQMCYoyFaXEtNCQHQU=,P2BiRKduPaEB7IFXTKg1PAVEpVw=
-26,17,+4bvLwyYWOQMCYoyFaXEtNCQHQU=,P2BiRKduPaEB7IFXTKg1PAVEpVw=
-27,17,+4bvLwyYWOQMCYoyFaXEtNCQHQU=,P2BiRKduPaEB7IFXTKg1PAVEpVw=
-31,17,+4bvLwyYWOQMCYoyFaXEtNCQHQU=,P2BiRKduPaEB7IFXTKg1PAVEpVw=
-25,17,+4bvLwyYWOQMCYoyFaXEtNCQHQU=,P2BiRKduPaEB7IFXTKg1PAVEpVw=
-24,17,+4bvLwyYWOQMCYoyFaXEtNCQHQU=,P2BiRKduPaEB7IFXTKg1PAVEpVw=
-28,17,+4bvLwyYWOQMCYoyFaXEtNCQHQU=,P2BiRKduPaEB7IFXTKg1PAVEpVw=
-29,17,+4bvLwyYWOQMCYoyFaXEtNCQHQU=,P2BiRKduPaEB7IFXTKg1PAVEpVw=
-23,17,+4bvLwyYWOQMCYoyFaXEtNCQHQU=,P2BiRKduPaEB7IFXTKg1PAVEpVw=
-30,16,+4bvLwyYWOQMCYoyFaXEtNCQHQU=,P2BiRKduPaEB7IFXTKg1PAVEpVw=
-30,17,+4bvLwyYWOQMCYoyFaXEtNCQHQU=,P2BiRKduPaEB7IFXTKg1PAVEpVw=
-18,30,+4bvLwyYWOQMCYoyFaXEtNCQHQU=,P2BiRKduPaEB7IFXTKg1PAVEpVw=
-32,31,+4bvLwyYWOQMCYoyFaXEtNCQHQU=,P2BiRKduPaEB7IFXTKg1PAVEpVw=
-17,30,+4bvLwyYWOQMCYoyFaXEtNCQHQU=,P2BiRKduPaEB7IFXTKg1PAVEpVw=
-19,30,+4bvLwyYWOQMCYoyFaXEtNCQHQU=,P2BiRKduPaEB7IFXTKg1PAVEpVw=
-24,31,+4bvLwyYWOQMCYoyFaXEtNCQHQU=,P2BiRKduPaEB7IFXTKg1PAVEpVw=
-21,30,+4bvLwyYWOQMCYoyFaXEtNCQHQU=,P2BiRKduPaEB7IFXTKg1PAVEpVw=
-23,30,+4bvLwyYWOQMCYoyFaXEtNCQHQU=,P2BiRKduPaEB7IFXTKg1PAVEpVw=
-22,30,+4bvLwyYWOQMCYoyFaXEtNCQHQU=,P2BiRKduPaEB7IFXTKg1PAVEpVw=
-24,30,+4bvLwyYWOQMCYoyFaXEtNCQHQU=,P2BiRKduPaEB7IFXTKg1PAVEpVw=
-25,30,+4bvLwyYWOQMCYoyFaXEtNCQHQU=,P2BiRKduPaEB7IFXTKg1PAVEpVw=
-26,30,+4bvLwyYWOQMCYoyFaXEtNCQHQU=,P2BiRKduPaEB7IFXTKg1PAVEpVw=
-28,30,+4bvLwyYWOQMCYoyFaXEtNCQHQU=,P2BiRKduPaEB7IFXTKg1PAVEpVw=
-30,30,+4bvLwyYWOQMCYoyFaXEtNCQHQU=,P2BiRKduPaEB7IFXTKg1PAVEpVw=
-20,18,+4bvLwyYWOQMCYoyFaXEtNCQHQU=,P2BiRKduPaEB7IFXTKg1PAVEpVw=
-17,29,+4bvLwyYWOQMCYoyFaXEtNCQHQU=,P2BiRKduPaEB7IFXTKg1PAVEpVw=
-32,17,+4bvLwyYWOQMCYoyFaXEtNCQHQU=,P2BiRKduPaEB7IFXTKg1PAVEpVw=
-27,30,+4bvLwyYWOQMCYoyFaXEtNCQHQU=,P2BiRKduPaEB7IFXTKg1PAVEpVw=
-18,29,+4bvLwyYWOQMCYoyFaXEtNCQHQU=,P2BiRKduPaEB7IFXTKg1PAVEpVw=
-31,30,+4bvLwyYWOQMCYoyFaXEtNCQHQU=,P2BiRKduPaEB7IFXTKg1PAVEpVw=
-19,29,+4bvLwyYWOQMCYoyFaXEtNCQHQU=,P2BiRKduPaEB7IFXTKg1PAVEpVw=
-20,30,+4bvLwyYWOQMCYoyFaXEtNCQHQU=,P2BiRKduPaEB7IFXTKg1PAVEpVw=
-17,16,+4bvLwyYWOQMCYoyFaXEtNCQHQU=,P2BiRKduPaEB7IFXTKg1PAVEpVw=
-32,30,+4bvLwyYWOQMCYoyFaXEtNCQHQU=,P2BiRKduPaEB7IFXTKg1PAVEpVw=
-23,29,+4bvLwyYWOQMCYoyFaXEtNCQHQU=,P2BiRKduPaEB7IFXTKg1PAVEpVw=
-24,29,+4bvLwyYWOQMCYoyFaXEtNCQHQU=,P2BiRKduPaEB7IFXTKg1PAVEpVw=
-20,29,+4bvLwyYWOQMCYoyFaXEtNCQHQU=,P2BiRKduPaEB7IFXTKg1PAVEpVw=
-22,29,+4bvLwyYWOQMCYoyFaXEtNCQHQU=,P2BiRKduPaEB7IFXTKg1PAVEpVw=
-21,29,+4bvLwyYWOQMCYoyFaXEtNCQHQU=,P2BiRKduPaEB7IFXTKg1PAVEpVw=
-21,18,+4bvLwyYWOQMCYoyFaXEtNCQHQU=,P2BiRKduPaEB7IFXTKg1PAVEpVw=
-26,29,+4bvLwyYWOQMCYoyFaXEtNCQHQU=,P2BiRKduPaEB7IFXTKg1PAVEpVw=
-28,29,+4bvLwyYWOQMCYoyFaXEtNCQHQU=,P2BiRKduPaEB7IFXTKg1PAVEpVw=
-25,29,+4bvLwyYWOQMCYoyFaXEtNCQHQU=,P2BiRKduPaEB7IFXTKg1PAVEpVw=
-29,29,+4bvLwyYWOQMCYoyFaXEtNCQHQU=,P2BiRKduPaEB7IFXTKg1PAVEpVw=
-30,29,+4bvLwyYWOQMCYoyFaXEtNCQHQU=,P2BiRKduPaEB7IFXTKg1PAVEpVw=
-29,30,+4bvLwyYWOQMCYoyFaXEtNCQHQU=,P2BiRKduPaEB7IFXTKg1PAVEpVw=
-32,29,+4bvLwyYWOQMCYoyFaXEtNCQHQU=,P2BiRKduPaEB7IFXTKg1PAVEpVw=
-31,16,+4bvLwyYWOQMCYoyFaXEtNCQHQU=,P2BiRKduPaEB7IFXTKg1PAVEpVw=
-18,16,+4bvLwyYWOQMCYoyFaXEtNCQHQU=,P2BiRKduPaEB7IFXTKg1PAVEpVw=
-17,28,+4bvLwyYWOQMCYoyFaXEtNCQHQU=,P2BiRKduPaEB7IFXTKg1PAVEpVw=
-27,29,+4bvLwyYWOQMCYoyFaXEtNCQHQU=,P2BiRKduPaEB7IFXTKg1PAVEpVw=
-19,28,+4bvLwyYWOQMCYoyFaXEtNCQHQU=,P2BiRKduPaEB7IFXTKg1PAVEpVw=
-22,18,+4bvLwyYWOQMCYoyFaXEtNCQHQU=,P2BiRKduPaEB7IFXTKg1PAVEpVw=
-20,28,+4bvLwyYWOQMCYoyFaXEtNCQHQU=,P2BiRKduPaEB7IFXTKg1PAVEpVw=
-24,28,+4bvLwyYWOQMCYoyFaXEtNCQHQU=,P2BiRKduPaEB7IFXTKg1PAVEpVw=
-23,28,+4bvLwyYWOQMCYoyFaXEtNCQHQU=,P2BiRKduPaEB7IFXTKg1PAVEpVw=
-21,28,+4bvLwyYWOQMCYoyFaXEtNCQHQU=,P2BiRKduPaEB7IFXTKg1PAVEpVw=
-22,28,+4bvLwyYWOQMCYoyFaXEtNCQHQU=,P2BiRKduPaEB7IFXTKg1PAVEpVw=
-31,29,+4bvLwyYWOQMCYoyFaXEtNCQHQU=,P2BiRKduPaEB7IFXTKg1PAVEpVw=
-25,28,+4bvLwyYWOQMCYoyFaXEtNCQHQU=,P2BiRKduPaEB7IFXTKg1PAVEpVw=
-26,28,+4bvLwyYWOQMCYoyFaXEtNCQHQU=,P2BiRKduPaEB7IFXTKg1PAVEpVw=
-27,28,+4bvLwyYWOQMCYoyFaXEtNCQHQU=,P2BiRKduPaEB7IFXTKg1PAVEpVw=
-28,28,+4bvLwyYWOQMCYoyFaXEtNCQHQU=,P2BiRKduPaEB7IFXTKg1PAVEpVw=
-29,28,+4bvLwyYWOQMCYoyFaXEtNCQHQU=,P2BiRKduPaEB7IFXTKg1PAVEpVw=
-30,28,+4bvLwyYWOQMCYoyFaXEtNCQHQU=,P2BiRKduPaEB7IFXTKg1PAVEpVw=
-32,28,+4bvLwyYWOQMCYoyFaXEtNCQHQU=,P2BiRKduPaEB7IFXTKg1PAVEpVw=
-17,27,+4bvLwyYWOQMCYoyFaXEtNCQHQU=,P2BiRKduPaEB7IFXTKg1PAVEpVw=
-31,28,+4bvLwyYWOQMCYoyFaXEtNCQHQU=,P2BiRKduPaEB7IFXTKg1PAVEpVw=
-19,27,+4bvLwyYWOQMCYoyFaXEtNCQHQU=,P2BiRKduPaEB7IFXTKg1PAVEpVw=
-19,16,+4bvLwyYWOQMCYoyFaXEtNCQHQU=,P2BiRKduPaEB7IFXTKg1PAVEpVw=
-23,18,+4bvLwyYWOQMCYoyFaXEtNCQHQU=,P2BiRKduPaEB7IFXTKg1PAVEpVw=
-20,27,+4bvLwyYWOQMCYoyFaXEtNCQHQU=,P2BiRKduPaEB7IFXTKg1PAVEpVw=
-21,27,+4bvLwyYWOQMCYoyFaXEtNCQHQU=,P2BiRKduPaEB7IFXTKg1PAVEpVw=
-23,27,+4bvLwyYWOQMCYoyFaXEtNCQHQU=,P2BiRKduPaEB7IFXTKg1PAVEpVw=
-24,27,+4bvLwyYWOQMCYoyFaXEtNCQHQU=,P2BiRKduPaEB7IFXTKg1PAVEpVw=
-22,27,+4bvLwyYWOQMCYoyFaXEtNCQHQU=,P2BiRKduPaEB7IFXTKg1PAVEpVw=
-18,28,+4bvLwyYWOQMCYoyFaXEtNCQHQU=,P2BiRKduPaEB7IFXTKg1PAVEpVw=
-26,27,+4bvLwyYWOQMCYoyFaXEtNCQHQU=,P2BiRKduPaEB7IFXTKg1PAVEpVw=
-27,27,+4bvLwyYWOQMCYoyFaXEtNCQHQU=,P2BiRKduPaEB7IFXTKg1PAVEpVw=
-29,27,+4bvLwyYWOQMCYoyFaXEtNCQHQU=,P2BiRKduPaEB7IFXTKg1PAVEpVw=
-31,27,+4bvLwyYWOQMCYoyFaXEtNCQHQU=,P2BiRKduPaEB7IFXTKg1PAVEpVw=
-25,27,+4bvLwyYWOQMCYoyFaXEtNCQHQU=,P2BiRKduPaEB7IFXTKg1PAVEpVw=
-30,27,+4bvLwyYWOQMCYoyFaXEtNCQHQU=,P2BiRKduPaEB7IFXTKg1PAVEpVw=
-32,27,+4bvLwyYWOQMCYoyFaXEtNCQHQU=,P2BiRKduPaEB7IFXTKg1PAVEpVw=
-18,26,+4bvLwyYWOQMCYoyFaXEtNCQHQU=,P2BiRKduPaEB7IFXTKg1PAVEpVw=
-28,27,+4bvLwyYWOQMCYoyFaXEtNCQHQU=,P2BiRKduPaEB7IFXTKg1PAVEpVw=
-19,26,+4bvLwyYWOQMCYoyFaXEtNCQHQU=,P2BiRKduPaEB7IFXTKg1PAVEpVw=
-20,16,+4bvLwyYWOQMCYoyFaXEtNCQHQU=,P2BiRKduPaEB7IFXTKg1PAVEpVw=
-20,26,+4bvLwyYWOQMCYoyFaXEtNCQHQU=,P2BiRKduPaEB7IFXTKg1PAVEpVw=
-22,26,+4bvLwyYWOQMCYoyFaXEtNCQHQU=,P2BiRKduPaEB7IFXTKg1PAVEpVw=
-24,18,+4bvLwyYWOQMCYoyFaXEtNCQHQU=,P2BiRKduPaEB7IFXTKg1PAVEpVw=
-23,26,+4bvLwyYWOQMCYoyFaXEtNCQHQU=,P2BiRKduPaEB7IFXTKg1PAVEpVw=
-26,26,+4bvLwyYWOQMCYoyFaXEtNCQHQU=,P2BiRKduPaEB7IFXTKg1PAVEpVw=
-17,26,+4bvLwyYWOQMCYoyFaXEtNCQHQU=,P2BiRKduPaEB7IFXTKg1PAVEpVw=
-25,26,+4bvLwyYWOQMCYoyFaXEtNCQHQU=,P2BiRKduPaEB7IFXTKg1PAVEpVw=
-24,26,+4bvLwyYWOQMCYoyFaXEtNCQHQU=,P2BiRKduPaEB7IFXTKg1PAVEpVw=
-30,26,+4bvLwyYWOQMCYoyFaXEtNCQHQU=,P2BiRKduPaEB7IFXTKg1PAVEpVw=
-28,26,+4bvLwyYWOQMCYoyFaXEtNCQHQU=,P2BiRKduPaEB7IFXTKg1PAVEpVw=
-31,26,+4bvLwyYWOQMCYoyFaXEtNCQHQU=,P2BiRKduPaEB7IFXTKg1PAVEpVw=
-29,26,+4bvLwyYWOQMCYoyFaXEtNCQHQU=,P2BiRKduPaEB7IFXTKg1PAVEpVw=
-18,27,+4bvLwyYWOQMCYoyFaXEtNCQHQU=,P2BiRKduPaEB7IFXTKg1PAVEpVw=
-32,26,+4bvLwyYWOQMCYoyFaXEtNCQHQU=,P2BiRKduPaEB7IFXTKg1PAVEpVw=
-18,25,+4bvLwyYWOQMCYoyFaXEtNCQHQU=,P2BiRKduPaEB7IFXTKg1PAVEpVw=
-20,25,+4bvLwyYWOQMCYoyFaXEtNCQHQU=,P2BiRKduPaEB7IFXTKg1PAVEpVw=
-19,25,+4bvLwyYWOQMCYoyFaXEtNCQHQU=,P2BiRKduPaEB7IFXTKg1PAVEpVw=
-27,26,+4bvLwyYWOQMCYoyFaXEtNCQHQU=,P2BiRKduPaEB7IFXTKg1PAVEpVw=
-21,16,+4bvLwyYWOQMCYoyFaXEtNCQHQU=,P2BiRKduPaEB7IFXTKg1PAVEpVw=
-21,25,+4bvLwyYWOQMCYoyFaXEtNCQHQU=,P2BiRKduPaEB7IFXTKg1PAVEpVw=
-23,25,+4bvLwyYWOQMCYoyFaXEtNCQHQU=,P2BiRKduPaEB7IFXTKg1PAVEpVw=
-22,25,+4bvLwyYWOQMCYoyFaXEtNCQHQU=,P2BiRKduPaEB7IFXTKg1PAVEpVw=
-25,18,+4bvLwyYWOQMCYoyFaXEtNCQHQU=,P2BiRKduPaEB7IFXTKg1PAVEpVw=
-24,25,+4bvLwyYWOQMCYoyFaXEtNCQHQU=,P2BiRKduPaEB7IFXTKg1PAVEpVw=
-27,25,+4bvLwyYWOQMCYoyFaXEtNCQHQU=,P2BiRKduPaEB7IFXTKg1PAVEpVw=
-25,25,+4bvLwyYWOQMCYoyFaXEtNCQHQU=,P2BiRKduPaEB7IFXTKg1PAVEpVw=
-26,25,+4bvLwyYWOQMCYoyFaXEtNCQHQU=,P2BiRKduPaEB7IFXTKg1PAVEpVw=
-21,26,+4bvLwyYWOQMCYoyFaXEtNCQHQU=,P2BiRKduPaEB7IFXTKg1PAVEpVw=
-29,25,+4bvLwyYWOQMCYoyFaXEtNCQHQU=,P2BiRKduPaEB7IFXTKg1PAVEpVw=
-17,24,+4bvLwyYWOQMCYoyFaXEtNCQHQU=,P2BiRKduPaEB7IFXTKg1PAVEpVw=
-30,25,+4bvLwyYWOQMCYoyFaXEtNCQHQU=,P2BiRKduPaEB7IFXTKg1PAVEpVw=
-32,25,+4bvLwyYWOQMCYoyFaXEtNCQHQU=,P2BiRKduPaEB7IFXTKg1PAVEpVw=
-28,25,+4bvLwyYWOQMCYoyFaXEtNCQHQU=,P2BiRKduPaEB7IFXTKg1PAVEpVw=
-17,25,+4bvLwyYWOQMCYoyFaXEtNCQHQU=,P2BiRKduPaEB7IFXTKg1PAVEpVw=
-22,24,+4bvLwyYWOQMCYoyFaXEtNCQHQU=,P2BiRKduPaEB7IFXTKg1PAVEpVw=
-18,24,+4bvLwyYWOQMCYoyFaXEtNCQHQU=,P2BiRKduPaEB7IFXTKg1PAVEpVw=
-21,24,+4bvLwyYWOQMCYoyFaXEtNCQHQU=,P2BiRKduPaEB7IFXTKg1PAVEpVw=
-23,24,+4bvLwyYWOQMCYoyFaXEtNCQHQU=,P2BiRKduPaEB7IFXTKg1PAVEpVw=
-20,24,+4bvLwyYWOQMCYoyFaXEtNCQHQU=,P2BiRKduPaEB7IFXTKg1PAVEpVw=
-24,24,+4bvLwyYWOQMCYoyFaXEtNCQHQU=,P2BiRKduPaEB7IFXTKg1PAVEpVw=
-26,18,+4bvLwyYWOQMCYoyFaXEtNCQHQU=,P2BiRKduPaEB7IFXTKg1PAVEpVw=
-27,24,+4bvLwyYWOQMCYoyFaXEtNCQHQU=,P2BiRKduPaEB7IFXTKg1PAVEpVw=
-19,24,+4bvLwyYWOQMCYoyFaXEtNCQHQU=,P2BiRKduPaEB7IFXTKg1PAVEpVw=
-26,24,+4bvLwyYWOQMCYoyFaXEtNCQHQU=,P2BiRKduPaEB7IFXTKg1PAVEpVw=
-25,24,+4bvLwyYWOQMCYoyFaXEtNCQHQU=,P2BiRKduPaEB7IFXTKg1PAVEpVw=
-28,24,+4bvLwyYWOQMCYoyFaXEtNCQHQU=,P2BiRKduPaEB7IFXTKg1PAVEpVw=
-29,24,+4bvLwyYWOQMCYoyFaXEtNCQHQU=,P2BiRKduPaEB7IFXTKg1PAVEpVw=
-31,24,+4bvLwyYWOQMCYoyFaXEtNCQHQU=,P2BiRKduPaEB7IFXTKg1PAVEpVw=
-30,24,+4bvLwyYWOQMCYoyFaXEtNCQHQU=,P2BiRKduPaEB7IFXTKg1PAVEpVw=
-18,23,+4bvLwyYWOQMCYoyFaXEtNCQHQU=,P2BiRKduPaEB7IFXTKg1PAVEpVw=
-17,23,+4bvLwyYWOQMCYoyFaXEtNCQHQU=,P2BiRKduPaEB7IFXTKg1PAVEpVw=
-22,23,+4bvLwyYWOQMCYoyFaXEtNCQHQU=,P2BiRKduPaEB7IFXTKg1PAVEpVw=
-19,23,+4bvLwyYWOQMCYoyFaXEtNCQHQU=,P2BiRKduPaEB7IFXTKg1PAVEpVw=
-20,23,+4bvLwyYWOQMCYoyFaXEtNCQHQU=,P2BiRKduPaEB7IFXTKg1PAVEpVw=
-23,23,+4bvLwyYWOQMCYoyFaXEtNCQHQU=,P2BiRKduPaEB7IFXTKg1PAVEpVw=
-32,24,+4bvLwyYWOQMCYoyFaXEtNCQHQU=,P2BiRKduPaEB7IFXTKg1PAVEpVw=
-23,16,+4bvLwyYWOQMCYoyFaXEtNCQHQU=,P2BiRKduPaEB7IFXTKg1PAVEpVw=
-26,23,+4bvLwyYWOQMCYoyFaXEtNCQHQU=,P2BiRKduPaEB7IFXTKg1PAVEpVw=
-21,23,+4bvLwyYWOQMCYoyFaXEtNCQHQU=,P2BiRKduPaEB7IFXTKg1PAVEpVw=
-22,16,+4bvLwyYWOQMCYoyFaXEtNCQHQU=,P2BiRKduPaEB7IFXTKg1PAVEpVw=
-27,23,+4bvLwyYWOQMCYoyFaXEtNCQHQU=,P2BiRKduPaEB7IFXTKg1PAVEpVw=
-30,23,+4bvLwyYWOQMCYoyFaXEtNCQHQU=,P2BiRKduPaEB7IFXTKg1PAVEpVw=
-28,23,+4bvLwyYWOQMCYoyFaXEtNCQHQU=,P2BiRKduPaEB7IFXTKg1PAVEpVw=
-29,23,+4bvLwyYWOQMCYoyFaXEtNCQHQU=,P2BiRKduPaEB7IFXTKg1PAVEpVw=
-24,23,+4bvLwyYWOQMCYoyFaXEtNCQHQU=,P2BiRKduPaEB7IFXTKg1PAVEpVw=
-17,22,+4bvLwyYWOQMCYoyFaXEtNCQHQU=,P2BiRKduPaEB7IFXTKg1PAVEpVw=
-27,18,+4bvLwyYWOQMCYoyFaXEtNCQHQU=,P2BiRKduPaEB7IFXTKg1PAVEpVw=
-32,23,+4bvLwyYWOQMCYoyFaXEtNCQHQU=,P2BiRKduPaEB7IFXTKg1PAVEpVw=
-18,22,+4bvLwyYWOQMCYoyFaXEtNCQHQU=,P2BiRKduPaEB7IFXTKg1PAVEpVw=
-19,22,+4bvLwyYWOQMCYoyFaXEtNCQHQU=,P2BiRKduPaEB7IFXTKg1PAVEpVw=
-31,23,+4bvLwyYWOQMCYoyFaXEtNCQHQU=,P2BiRKduPaEB7IFXTKg1PAVEpVw=
-24,22,+4bvLwyYWOQMCYoyFaXEtNCQHQU=,P2BiRKduPaEB7IFXTKg1PAVEpVw=
-20,22,+4bvLwyYWOQMCYoyFaXEtNCQHQU=,P2BiRKduPaEB7IFXTKg1PAVEpVw=
-23,22,+4bvLwyYWOQMCYoyFaXEtNCQHQU=,P2BiRKduPaEB7IFXTKg1PAVEpVw=
-25,22,+4bvLwyYWOQMCYoyFaXEtNCQHQU=,P2BiRKduPaEB7IFXTKg1PAVEpVw=
-21,22,+4bvLwyYWOQMCYoyFaXEtNCQHQU=,P2BiRKduPaEB7IFXTKg1PAVEpVw=
-26,22,+4bvLwyYWOQMCYoyFaXEtNCQHQU=,P2BiRKduPaEB7IFXTKg1PAVEpVw=
-24,16,+4bvLwyYWOQMCYoyFaXEtNCQHQU=,P2BiRKduPaEB7IFXTKg1PAVEpVw=
-28,18,+4bvLwyYWOQMCYoyFaXEtNCQHQU=,P2BiRKduPaEB7IFXTKg1PAVEpVw=
-29,22,+4bvLwyYWOQMCYoyFaXEtNCQHQU=,P2BiRKduPaEB7IFXTKg1PAVEpVw=
-22,22,+4bvLwyYWOQMCYoyFaXEtNCQHQU=,P2BiRKduPaEB7IFXTKg1PAVEpVw=
-31,25,+4bvLwyYWOQMCYoyFaXEtNCQHQU=,P2BiRKduPaEB7IFXTKg1PAVEpVw=
-27,22,+4bvLwyYWOQMCYoyFaXEtNCQHQU=,P2BiRKduPaEB7IFXTKg1PAVEpVw=
-30,22,+4bvLwyYWOQMCYoyFaXEtNCQHQU=,P2BiRKduPaEB7IFXTKg1PAVEpVw=
-17,21,+4bvLwyYWOQMCYoyFaXEtNCQHQU=,P2BiRKduPaEB7IFXTKg1PAVEpVw=
-32,22,+4bvLwyYWOQMCYoyFaXEtNCQHQU=,P2BiRKduPaEB7IFXTKg1PAVEpVw=
-19,21,+4bvLwyYWOQMCYoyFaXEtNCQHQU=,P2BiRKduPaEB7IFXTKg1PAVEpVw=
-18,21,+4bvLwyYWOQMCYoyFaXEtNCQHQU=,P2BiRKduPaEB7IFXTKg1PAVEpVw=
-20,21,+4bvLwyYWOQMCYoyFaXEtNCQHQU=,P2BiRKduPaEB7IFXTKg1PAVEpVw=
-23,21,+4bvLwyYWOQMCYoyFaXEtNCQHQU=,P2BiRKduPaEB7IFXTKg1PAVEpVw=
-22,21,+4bvLwyYWOQMCYoyFaXEtNCQHQU=,P2BiRKduPaEB7IFXTKg1PAVEpVw=
-24,21,+4bvLwyYWOQMCYoyFaXEtNCQHQU=,P2BiRKduPaEB7IFXTKg1PAVEpVw=
-21,21,+4bvLwyYWOQMCYoyFaXEtNCQHQU=,P2BiRKduPaEB7IFXTKg1PAVEpVw=
-25,21,+4bvLwyYWOQMCYoyFaXEtNCQHQU=,P2BiRKduPaEB7IFXTKg1PAVEpVw=
-26,21,+4bvLwyYWOQMCYoyFaXEtNCQHQU=,P2BiRKduPaEB7IFXTKg1PAVEpVw=
-25,16,+4bvLwyYWOQMCYoyFaXEtNCQHQU=,P2BiRKduPaEB7IFXTKg1PAVEpVw=
-29,18,+4bvLwyYWOQMCYoyFaXEtNCQHQU=,P2BiRKduPaEB7IFXTKg1PAVEpVw=
-27,21,+4bvLwyYWOQMCYoyFaXEtNCQHQU=,P2BiRKduPaEB7IFXTKg1PAVEpVw=
-28,21,+4bvLwyYWOQMCYoyFaXEtNCQHQU=,P2BiRKduPaEB7IFXTKg1PAVEpVw=
-29,21,+4bvLwyYWOQMCYoyFaXEtNCQHQU=,P2BiRKduPaEB7IFXTKg1PAVEpVw=
-30,21,+4bvLwyYWOQMCYoyFaXEtNCQHQU=,P2BiRKduPaEB7IFXTKg1PAVEpVw=
-26,16,+4bvLwyYWOQMCYoyFaXEtNCQHQU=,P2BiRKduPaEB7IFXTKg1PAVEpVw=
-17,20,+4bvLwyYWOQMCYoyFaXEtNCQHQU=,P2BiRKduPaEB7IFXTKg1PAVEpVw=
-25,23,+4bvLwyYWOQMCYoyFaXEtNCQHQU=,P2BiRKduPaEB7IFXTKg1PAVEpVw=
-32,21,+4bvLwyYWOQMCYoyFaXEtNCQHQU=,P2BiRKduPaEB7IFXTKg1PAVEpVw=
-18,20,+4bvLwyYWOQMCYoyFaXEtNCQHQU=,P2BiRKduPaEB7IFXTKg1PAVEpVw=
-20,20,+4bvLwyYWOQMCYoyFaXEtNCQHQU=,P2BiRKduPaEB7IFXTKg1PAVEpVw=
-19,20,+4bvLwyYWOQMCYoyFaXEtNCQHQU=,P2BiRKduPaEB7IFXTKg1PAVEpVw=
-21,20,+4bvLwyYWOQMCYoyFaXEtNCQHQU=,P2BiRKduPaEB7IFXTKg1PAVEpVw=
-24,20,+4bvLwyYWOQMCYoyFaXEtNCQHQU=,P2BiRKduPaEB7IFXTKg1PAVEpVw=
-25,20,+4bvLwyYWOQMCYoyFaXEtNCQHQU=,P2BiRKduPaEB7IFXTKg1PAVEpVw=
-23,20,+4bvLwyYWOQMCYoyFaXEtNCQHQU=,P2BiRKduPaEB7IFXTKg1PAVEpVw=
-26,20,+4bvLwyYWOQMCYoyFaXEtNCQHQU=,P2BiRKduPaEB7IFXTKg1PAVEpVw=
-22,20,+4bvLwyYWOQMCYoyFaXEtNCQHQU=,P2BiRKduPaEB7IFXTKg1PAVEpVw=
-28,22,+4bvLwyYWOQMCYoyFaXEtNCQHQU=,P2BiRKduPaEB7IFXTKg1PAVEpVw=
-28,20,+4bvLwyYWOQMCYoyFaXEtNCQHQU=,P2BiRKduPaEB7IFXTKg1PAVEpVw=
-30,18,+4bvLwyYWOQMCYoyFaXEtNCQHQU=,P2BiRKduPaEB7IFXTKg1PAVEpVw=
-27,20,+4bvLwyYWOQMCYoyFaXEtNCQHQU=,P2BiRKduPaEB7IFXTKg1PAVEpVw=
-27,16,+4bvLwyYWOQMCYoyFaXEtNCQHQU=,P2BiRKduPaEB7IFXTKg1PAVEpVw=
-30,20,+4bvLwyYWOQMCYoyFaXEtNCQHQU=,P2BiRKduPaEB7IFXTKg1PAVEpVw=
-29,20,+4bvLwyYWOQMCYoyFaXEtNCQHQU=,P2BiRKduPaEB7IFXTKg1PAVEpVw=
-32,20,+4bvLwyYWOQMCYoyFaXEtNCQHQU=,P2BiRKduPaEB7IFXTKg1PAVEpVw=
-18,19,+4bvLwyYWOQMCYoyFaXEtNCQHQU=,P2BiRKduPaEB7IFXTKg1PAVEpVw=
-31,20,+4bvLwyYWOQMCYoyFaXEtNCQHQU=,P2BiRKduPaEB7IFXTKg1PAVEpVw=
-17,19,+4bvLwyYWOQMCYoyFaXEtNCQHQU=,P2BiRKduPaEB7IFXTKg1PAVEpVw=
-19,19,+4bvLwyYWOQMCYoyFaXEtNCQHQU=,P2BiRKduPaEB7IFXTKg1PAVEpVw=
-32,16,+4bvLwyYWOQMCYoyFaXEtNCQHQU=,P2BiRKduPaEB7IFXTKg1PAVEpVw=
-20,19,+4bvLwyYWOQMCYoyFaXEtNCQHQU=,P2BiRKduPaEB7IFXTKg1PAVEpVw=
-21,19,+4bvLwyYWOQMCYoyFaXEtNCQHQU=,P2BiRKduPaEB7IFXTKg1PAVEpVw=
-24,19,+4bvLwyYWOQMCYoyFaXEtNCQHQU=,P2BiRKduPaEB7IFXTKg1PAVEpVw=
-22,19,+4bvLwyYWOQMCYoyFaXEtNCQHQU=,P2BiRKduPaEB7IFXTKg1PAVEpVw=
-23,19,+4bvLwyYWOQMCYoyFaXEtNCQHQU=,P2BiRKduPaEB7IFXTKg1PAVEpVw=
-25,19,+4bvLwyYWOQMCYoyFaXEtNCQHQU=,P2BiRKduPaEB7IFXTKg1PAVEpVw=
-26,19,+4bvLwyYWOQMCYoyFaXEtNCQHQU=,P2BiRKduPaEB7IFXTKg1PAVEpVw=
-27,19,+4bvLwyYWOQMCYoyFaXEtNCQHQU=,P2BiRKduPaEB7IFXTKg1PAVEpVw=
-28,19,+4bvLwyYWOQMCYoyFaXEtNCQHQU=,P2BiRKduPaEB7IFXTKg1PAVEpVw=
-28,16,+4bvLwyYWOQMCYoyFaXEtNCQHQU=,P2BiRKduPaEB7IFXTKg1PAVEpVw=
-31,19,+4bvLwyYWOQMCYoyFaXEtNCQHQU=,P2BiRKduPaEB7IFXTKg1PAVEpVw=
-32,18,+4bvLwyYWOQMCYoyFaXEtNCQHQU=,P2BiRKduPaEB7IFXTKg1PAVEpVw=
-30,19,+4bvLwyYWOQMCYoyFaXEtNCQHQU=,P2BiRKduPaEB7IFXTKg1PAVEpVw=
-29,19,+4bvLwyYWOQMCYoyFaXEtNCQHQU=,P2BiRKduPaEB7IFXTKg1PAVEpVw=
-17,18,+4bvLwyYWOQMCYoyFaXEtNCQHQU=,P2BiRKduPaEB7IFXTKg1PAVEpVw=
-32,19,+4bvLwyYWOQMCYoyFaXEtNCQHQU=,P2BiRKduPaEB7IFXTKg1PAVEpVw=
-31,21,+4bvLwyYWOQMCYoyFaXEtNCQHQU=,P2BiRKduPaEB7IFXTKg1PAVEpVw=
-31,22,+4bvLwyYWOQMCYoyFaXEtNCQHQU=,P2BiRKduPaEB7IFXTKg1PAVEpVw=
-31,18,+4bvLwyYWOQMCYoyFaXEtNCQHQU=,P2BiRKduPaEB7IFXTKg1PAVEpVw=
-2,18,1Kuh+Va4bdylxcaLS1ORgh/SdrM=,P2BiRKduPaEB7IFXTKg1PAVEpVw=
-3,18,1Kuh+Va4bdylxcaLS1ORgh/SdrM=,P2BiRKduPaEB7IFXTKg1PAVEpVw=
-13,16,1Kuh+Va4bdylxcaLS1ORgh/SdrM=,P2BiRKduPaEB7IFXTKg1PAVEpVw=
-4,31,1Kuh+Va4bdylxcaLS1ORgh/SdrM=,P2BiRKduPaEB7IFXTKg1PAVEpVw=
-1,31,1Kuh+Va4bdylxcaLS1ORgh/SdrM=,P2BiRKduPaEB7IFXTKg1PAVEpVw=
-3,31,1Kuh+Va4bdylxcaLS1ORgh/SdrM=,P2BiRKduPaEB7IFXTKg1PAVEpVw=
-5,31,1Kuh+Va4bdylxcaLS1ORgh/SdrM=,P2BiRKduPaEB7IFXTKg1PAVEpVw=
-6,31,1Kuh+Va4bdylxcaLS1ORgh/SdrM=,P2BiRKduPaEB7IFXTKg1PAVEpVw=
-10,31,1Kuh+Va4bdylxcaLS1ORgh/SdrM=,P2BiRKduPaEB7IFXTKg1PAVEpVw=
-8,31,1Kuh+Va4bdylxcaLS1ORgh/SdrM=,P2BiRKduPaEB7IFXTKg1PAVEpVw=
-9,31,1Kuh+Va4bdylxcaLS1ORgh/SdrM=,P2BiRKduPaEB7IFXTKg1PAVEpVw=
-7,31,1Kuh+Va4bdylxcaLS1ORgh/SdrM=,P2BiRKduPaEB7IFXTKg1PAVEpVw=
-1,17,1Kuh+Va4bdylxcaLS1ORgh/SdrM=,P2BiRKduPaEB7IFXTKg1PAVEpVw=
-11,31,1Kuh+Va4bdylxcaLS1ORgh/SdrM=,P2BiRKduPaEB7IFXTKg1PAVEpVw=
-12,31,1Kuh+Va4bdylxcaLS1ORgh/SdrM=,P2BiRKduPaEB7IFXTKg1PAVEpVw=
-2,17,1Kuh+Va4bdylxcaLS1ORgh/SdrM=,P2BiRKduPaEB7IFXTKg1PAVEpVw=
-3,17,1Kuh+Va4bdylxcaLS1ORgh/SdrM=,P2BiRKduPaEB7IFXTKg1PAVEpVw=
-15,17,1Kuh+Va4bdylxcaLS1ORgh/SdrM=,P2BiRKduPaEB7IFXTKg1PAVEpVw=
-14,31,1Kuh+Va4bdylxcaLS1ORgh/SdrM=,P2BiRKduPaEB7IFXTKg1PAVEpVw=
-13,31,1Kuh+Va4bdylxcaLS1ORgh/SdrM=,P2BiRKduPaEB7IFXTKg1PAVEpVw=
-4,17,1Kuh+Va4bdylxcaLS1ORgh/SdrM=,P2BiRKduPaEB7IFXTKg1PAVEpVw=
-5,17,1Kuh+Va4bdylxcaLS1ORgh/SdrM=,P2BiRKduPaEB7IFXTKg1PAVEpVw=
-6,17,1Kuh+Va4bdylxcaLS1ORgh/SdrM=,P2BiRKduPaEB7IFXTKg1PAVEpVw=
-10,17,1Kuh+Va4bdylxcaLS1ORgh/SdrM=,P2BiRKduPaEB7IFXTKg1PAVEpVw=
-7,17,1Kuh+Va4bdylxcaLS1ORgh/SdrM=,P2BiRKduPaEB7IFXTKg1PAVEpVw=
-12,17,1Kuh+Va4bdylxcaLS1ORgh/SdrM=,P2BiRKduPaEB7IFXTKg1PAVEpVw=
-11,17,1Kuh+Va4bdylxcaLS1ORgh/SdrM=,P2BiRKduPaEB7IFXTKg1PAVEpVw=
-9,17,1Kuh+Va4bdylxcaLS1ORgh/SdrM=,P2BiRKduPaEB7IFXTKg1PAVEpVw=
-15,31,1Kuh+Va4bdylxcaLS1ORgh/SdrM=,P2BiRKduPaEB7IFXTKg1PAVEpVw=
-8,17,1Kuh+Va4bdylxcaLS1ORgh/SdrM=,P2BiRKduPaEB7IFXTKg1PAVEpVw=
-14,16,1Kuh+Va4bdylxcaLS1ORgh/SdrM=,P2BiRKduPaEB7IFXTKg1PAVEpVw=
-13,17,1Kuh+Va4bdylxcaLS1ORgh/SdrM=,P2BiRKduPaEB7IFXTKg1PAVEpVw=
-4,18,1Kuh+Va4bdylxcaLS1ORgh/SdrM=,P2BiRKduPaEB7IFXTKg1PAVEpVw=
-14,17,1Kuh+Va4bdylxcaLS1ORgh/SdrM=,P2BiRKduPaEB7IFXTKg1PAVEpVw=
-2,31,1Kuh+Va4bdylxcaLS1ORgh/SdrM=,P2BiRKduPaEB7IFXTKg1PAVEpVw=
-16,31,1Kuh+Va4bdylxcaLS1ORgh/SdrM=,P2BiRKduPaEB7IFXTKg1PAVEpVw=
-1,30,1Kuh+Va4bdylxcaLS1ORgh/SdrM=,P2BiRKduPaEB7IFXTKg1PAVEpVw=
-2,30,1Kuh+Va4bdylxcaLS1ORgh/SdrM=,P2BiRKduPaEB7IFXTKg1PAVEpVw=
-5,30,1Kuh+Va4bdylxcaLS1ORgh/SdrM=,P2BiRKduPaEB7IFXTKg1PAVEpVw=
-4,30,1Kuh+Va4bdylxcaLS1ORgh/SdrM=,P2BiRKduPaEB7IFXTKg1PAVEpVw=
-8,30,1Kuh+Va4bdylxcaLS1ORgh/SdrM=,P2BiRKduPaEB7IFXTKg1PAVEpVw=
-6,30,1Kuh+Va4bdylxcaLS1ORgh/SdrM=,P2BiRKduPaEB7IFXTKg1PAVEpVw=
-7,30,1Kuh+Va4bdylxcaLS1ORgh/SdrM=,P2BiRKduPaEB7IFXTKg1PAVEpVw=
-3,30,1Kuh+Va4bdylxcaLS1ORgh/SdrM=,P2BiRKduPaEB7IFXTKg1PAVEpVw=
-9,30,1Kuh+Va4bdylxcaLS1ORgh/SdrM=,P2BiRKduPaEB7IFXTKg1PAVEpVw=
-10,30,1Kuh+Va4bdylxcaLS1ORgh/SdrM=,P2BiRKduPaEB7IFXTKg1PAVEpVw=
-11,30,1Kuh+Va4bdylxcaLS1ORgh/SdrM=,P2BiRKduPaEB7IFXTKg1PAVEpVw=
-12,30,1Kuh+Va4bdylxcaLS1ORgh/SdrM=,P2BiRKduPaEB7IFXTKg1PAVEpVw=
-14,30,1Kuh+Va4bdylxcaLS1ORgh/SdrM=,P2BiRKduPaEB7IFXTKg1PAVEpVw=
-15,30,1Kuh+Va4bdylxcaLS1ORgh/SdrM=,P2BiRKduPaEB7IFXTKg1PAVEpVw=
-13,30,1Kuh+Va4bdylxcaLS1ORgh/SdrM=,P2BiRKduPaEB7IFXTKg1PAVEpVw=
-5,18,1Kuh+Va4bdylxcaLS1ORgh/SdrM=,P2BiRKduPaEB7IFXTKg1PAVEpVw=
-16,17,1Kuh+Va4bdylxcaLS1ORgh/SdrM=,P2BiRKduPaEB7IFXTKg1PAVEpVw=
-1,16,1Kuh+Va4bdylxcaLS1ORgh/SdrM=,P2BiRKduPaEB7IFXTKg1PAVEpVw=
-16,30,1Kuh+Va4bdylxcaLS1ORgh/SdrM=,P2BiRKduPaEB7IFXTKg1PAVEpVw=
-1,29,1Kuh+Va4bdylxcaLS1ORgh/SdrM=,P2BiRKduPaEB7IFXTKg1PAVEpVw=
-2,29,1Kuh+Va4bdylxcaLS1ORgh/SdrM=,P2BiRKduPaEB7IFXTKg1PAVEpVw=
-7,29,1Kuh+Va4bdylxcaLS1ORgh/SdrM=,P2BiRKduPaEB7IFXTKg1PAVEpVw=
-3,29,1Kuh+Va4bdylxcaLS1ORgh/SdrM=,P2BiRKduPaEB7IFXTKg1PAVEpVw=
-5,29,1Kuh+Va4bdylxcaLS1ORgh/SdrM=,P2BiRKduPaEB7IFXTKg1PAVEpVw=
-4,29,1Kuh+Va4bdylxcaLS1ORgh/SdrM=,P2BiRKduPaEB7IFXTKg1PAVEpVw=
-6,29,1Kuh+Va4bdylxcaLS1ORgh/SdrM=,P2BiRKduPaEB7IFXTKg1PAVEpVw=
-8,29,1Kuh+Va4bdylxcaLS1ORgh/SdrM=,P2BiRKduPaEB7IFXTKg1PAVEpVw=
-9,29,1Kuh+Va4bdylxcaLS1ORgh/SdrM=,P2BiRKduPaEB7IFXTKg1PAVEpVw=
-11,29,1Kuh+Va4bdylxcaLS1ORgh/SdrM=,P2BiRKduPaEB7IFXTKg1PAVEpVw=
-12,29,1Kuh+Va4bdylxcaLS1ORgh/SdrM=,P2BiRKduPaEB7IFXTKg1PAVEpVw=
-10,29,1Kuh+Va4bdylxcaLS1ORgh/SdrM=,P2BiRKduPaEB7IFXTKg1PAVEpVw=
-13,29,1Kuh+Va4bdylxcaLS1ORgh/SdrM=,P2BiRKduPaEB7IFXTKg1PAVEpVw=
-15,16,1Kuh+Va4bdylxcaLS1ORgh/SdrM=,P2BiRKduPaEB7IFXTKg1PAVEpVw=
-2,16,1Kuh+Va4bdylxcaLS1ORgh/SdrM=,P2BiRKduPaEB7IFXTKg1PAVEpVw=
-15,29,1Kuh+Va4bdylxcaLS1ORgh/SdrM=,P2BiRKduPaEB7IFXTKg1PAVEpVw=
-16,29,1Kuh+Va4bdylxcaLS1ORgh/SdrM=,P2BiRKduPaEB7IFXTKg1PAVEpVw=
-2,28,1Kuh+Va4bdylxcaLS1ORgh/SdrM=,P2BiRKduPaEB7IFXTKg1PAVEpVw=
-6,18,1Kuh+Va4bdylxcaLS1ORgh/SdrM=,P2BiRKduPaEB7IFXTKg1PAVEpVw=
-4,28,1Kuh+Va4bdylxcaLS1ORgh/SdrM=,P2BiRKduPaEB7IFXTKg1PAVEpVw=
-3,28,1Kuh+Va4bdylxcaLS1ORgh/SdrM=,P2BiRKduPaEB7IFXTKg1PAVEpVw=
-7,28,1Kuh+Va4bdylxcaLS1ORgh/SdrM=,P2BiRKduPaEB7IFXTKg1PAVEpVw=
-5,28,1Kuh+Va4bdylxcaLS1ORgh/SdrM=,P2BiRKduPaEB7IFXTKg1PAVEpVw=
-8,28,1Kuh+Va4bdylxcaLS1ORgh/SdrM=,P2BiRKduPaEB7IFXTKg1PAVEpVw=
-6,28,1Kuh+Va4bdylxcaLS1ORgh/SdrM=,P2BiRKduPaEB7IFXTKg1PAVEpVw=
-9,28,1Kuh+Va4bdylxcaLS1ORgh/SdrM=,P2BiRKduPaEB7IFXTKg1PAVEpVw=
-11,28,1Kuh+Va4bdylxcaLS1ORgh/SdrM=,P2BiRKduPaEB7IFXTKg1PAVEpVw=
-10,28,1Kuh+Va4bdylxcaLS1ORgh/SdrM=,P2BiRKduPaEB7IFXTKg1PAVEpVw=
-13,28,1Kuh+Va4bdylxcaLS1ORgh/SdrM=,P2BiRKduPaEB7IFXTKg1PAVEpVw=
-12,28,1Kuh+Va4bdylxcaLS1ORgh/SdrM=,P2BiRKduPaEB7IFXTKg1PAVEpVw=
-14,28,1Kuh+Va4bdylxcaLS1ORgh/SdrM=,P2BiRKduPaEB7IFXTKg1PAVEpVw=
-14,29,1Kuh+Va4bdylxcaLS1ORgh/SdrM=,P2BiRKduPaEB7IFXTKg1PAVEpVw=
-16,28,1Kuh+Va4bdylxcaLS1ORgh/SdrM=,P2BiRKduPaEB7IFXTKg1PAVEpVw=
-3,16,1Kuh+Va4bdylxcaLS1ORgh/SdrM=,P2BiRKduPaEB7IFXTKg1PAVEpVw=
-15,28,1Kuh+Va4bdylxcaLS1ORgh/SdrM=,P2BiRKduPaEB7IFXTKg1PAVEpVw=
-2,27,1Kuh+Va4bdylxcaLS1ORgh/SdrM=,P2BiRKduPaEB7IFXTKg1PAVEpVw=
-7,18,1Kuh+Va4bdylxcaLS1ORgh/SdrM=,P2BiRKduPaEB7IFXTKg1PAVEpVw=
-7,27,1Kuh+Va4bdylxcaLS1ORgh/SdrM=,P2BiRKduPaEB7IFXTKg1PAVEpVw=
-6,27,1Kuh+Va4bdylxcaLS1ORgh/SdrM=,P2BiRKduPaEB7IFXTKg1PAVEpVw=
-4,27,1Kuh+Va4bdylxcaLS1ORgh/SdrM=,P2BiRKduPaEB7IFXTKg1PAVEpVw=
-9,27,1Kuh+Va4bdylxcaLS1ORgh/SdrM=,P2BiRKduPaEB7IFXTKg1PAVEpVw=
-5,27,1Kuh+Va4bdylxcaLS1ORgh/SdrM=,P2BiRKduPaEB7IFXTKg1PAVEpVw=
-10,27,1Kuh+Va4bdylxcaLS1ORgh/SdrM=,P2BiRKduPaEB7IFXTKg1PAVEpVw=
-11,27,1Kuh+Va4bdylxcaLS1ORgh/SdrM=,P2BiRKduPaEB7IFXTKg1PAVEpVw=
-12,27,1Kuh+Va4bdylxcaLS1ORgh/SdrM=,P2BiRKduPaEB7IFXTKg1PAVEpVw=
-13,27,1Kuh+Va4bdylxcaLS1ORgh/SdrM=,P2BiRKduPaEB7IFXTKg1PAVEpVw=
-3,27,1Kuh+Va4bdylxcaLS1ORgh/SdrM=,P2BiRKduPaEB7IFXTKg1PAVEpVw=
-14,27,1Kuh+Va4bdylxcaLS1ORgh/SdrM=,P2BiRKduPaEB7IFXTKg1PAVEpVw=
-15,27,1Kuh+Va4bdylxcaLS1ORgh/SdrM=,P2BiRKduPaEB7IFXTKg1PAVEpVw=
-16,27,1Kuh+Va4bdylxcaLS1ORgh/SdrM=,P2BiRKduPaEB7IFXTKg1PAVEpVw=
-1,26,1Kuh+Va4bdylxcaLS1ORgh/SdrM=,P2BiRKduPaEB7IFXTKg1PAVEpVw=
-1,28,1Kuh+Va4bdylxcaLS1ORgh/SdrM=,P2BiRKduPaEB7IFXTKg1PAVEpVw=
-4,16,1Kuh+Va4bdylxcaLS1ORgh/SdrM=,P2BiRKduPaEB7IFXTKg1PAVEpVw=
-3,26,1Kuh+Va4bdylxcaLS1ORgh/SdrM=,P2BiRKduPaEB7IFXTKg1PAVEpVw=
-6,26,1Kuh+Va4bdylxcaLS1ORgh/SdrM=,P2BiRKduPaEB7IFXTKg1PAVEpVw=
-2,26,1Kuh+Va4bdylxcaLS1ORgh/SdrM=,P2BiRKduPaEB7IFXTKg1PAVEpVw=
-5,26,1Kuh+Va4bdylxcaLS1ORgh/SdrM=,P2BiRKduPaEB7IFXTKg1PAVEpVw=
-7,26,1Kuh+Va4bdylxcaLS1ORgh/SdrM=,P2BiRKduPaEB7IFXTKg1PAVEpVw=
-8,26,1Kuh+Va4bdylxcaLS1ORgh/SdrM=,P2BiRKduPaEB7IFXTKg1PAVEpVw=
-4,26,1Kuh+Va4bdylxcaLS1ORgh/SdrM=,P2BiRKduPaEB7IFXTKg1PAVEpVw=
-9,26,1Kuh+Va4bdylxcaLS1ORgh/SdrM=,P2BiRKduPaEB7IFXTKg1PAVEpVw=
-10,26,1Kuh+Va4bdylxcaLS1ORgh/SdrM=,P2BiRKduPaEB7IFXTKg1PAVEpVw=
-8,18,1Kuh+Va4bdylxcaLS1ORgh/SdrM=,P2BiRKduPaEB7IFXTKg1PAVEpVw=
-11,26,1Kuh+Va4bdylxcaLS1ORgh/SdrM=,P2BiRKduPaEB7IFXTKg1PAVEpVw=
-13,26,1Kuh+Va4bdylxcaLS1ORgh/SdrM=,P2BiRKduPaEB7IFXTKg1PAVEpVw=
-15,26,1Kuh+Va4bdylxcaLS1ORgh/SdrM=,P2BiRKduPaEB7IFXTKg1PAVEpVw=
-16,26,1Kuh+Va4bdylxcaLS1ORgh/SdrM=,P2BiRKduPaEB7IFXTKg1PAVEpVw=
-14,26,1Kuh+Va4bdylxcaLS1ORgh/SdrM=,P2BiRKduPaEB7IFXTKg1PAVEpVw=
-1,25,1Kuh+Va4bdylxcaLS1ORgh/SdrM=,P2BiRKduPaEB7IFXTKg1PAVEpVw=
-2,25,1Kuh+Va4bdylxcaLS1ORgh/SdrM=,P2BiRKduPaEB7IFXTKg1PAVEpVw=
-5,25,1Kuh+Va4bdylxcaLS1ORgh/SdrM=,P2BiRKduPaEB7IFXTKg1PAVEpVw=
-12,26,1Kuh+Va4bdylxcaLS1ORgh/SdrM=,P2BiRKduPaEB7IFXTKg1PAVEpVw=
-7,25,1Kuh+Va4bdylxcaLS1ORgh/SdrM=,P2BiRKduPaEB7IFXTKg1PAVEpVw=
-6,25,1Kuh+Va4bdylxcaLS1ORgh/SdrM=,P2BiRKduPaEB7IFXTKg1PAVEpVw=
-3,25,1Kuh+Va4bdylxcaLS1ORgh/SdrM=,P2BiRKduPaEB7IFXTKg1PAVEpVw=
-5,16,1Kuh+Va4bdylxcaLS1ORgh/SdrM=,P2BiRKduPaEB7IFXTKg1PAVEpVw=
-8,25,1Kuh+Va4bdylxcaLS1ORgh/SdrM=,P2BiRKduPaEB7IFXTKg1PAVEpVw=
-9,25,1Kuh+Va4bdylxcaLS1ORgh/SdrM=,P2BiRKduPaEB7IFXTKg1PAVEpVw=
-10,25,1Kuh+Va4bdylxcaLS1ORgh/SdrM=,P2BiRKduPaEB7IFXTKg1PAVEpVw=
-11,25,1Kuh+Va4bdylxcaLS1ORgh/SdrM=,P2BiRKduPaEB7IFXTKg1PAVEpVw=
-9,18,1Kuh+Va4bdylxcaLS1ORgh/SdrM=,P2BiRKduPaEB7IFXTKg1PAVEpVw=
-12,25,1Kuh+Va4bdylxcaLS1ORgh/SdrM=,P2BiRKduPaEB7IFXTKg1PAVEpVw=
-15,25,1Kuh+Va4bdylxcaLS1ORgh/SdrM=,P2BiRKduPaEB7IFXTKg1PAVEpVw=
-13,25,1Kuh+Va4bdylxcaLS1ORgh/SdrM=,P2BiRKduPaEB7IFXTKg1PAVEpVw=
-14,25,1Kuh+Va4bdylxcaLS1ORgh/SdrM=,P2BiRKduPaEB7IFXTKg1PAVEpVw=
-16,25,1Kuh+Va4bdylxcaLS1ORgh/SdrM=,P2BiRKduPaEB7IFXTKg1PAVEpVw=
-4,24,1Kuh+Va4bdylxcaLS1ORgh/SdrM=,P2BiRKduPaEB7IFXTKg1PAVEpVw=
-4,25,1Kuh+Va4bdylxcaLS1ORgh/SdrM=,P2BiRKduPaEB7IFXTKg1PAVEpVw=
-1,24,1Kuh+Va4bdylxcaLS1ORgh/SdrM=,P2BiRKduPaEB7IFXTKg1PAVEpVw=
-5,24,1Kuh+Va4bdylxcaLS1ORgh/SdrM=,P2BiRKduPaEB7IFXTKg1PAVEpVw=
-3,24,1Kuh+Va4bdylxcaLS1ORgh/SdrM=,P2BiRKduPaEB7IFXTKg1PAVEpVw=
-6,24,1Kuh+Va4bdylxcaLS1ORgh/SdrM=,P2BiRKduPaEB7IFXTKg1PAVEpVw=
-8,24,1Kuh+Va4bdylxcaLS1ORgh/SdrM=,P2BiRKduPaEB7IFXTKg1PAVEpVw=
-2,24,1Kuh+Va4bdylxcaLS1ORgh/SdrM=,P2BiRKduPaEB7IFXTKg1PAVEpVw=
-9,24,1Kuh+Va4bdylxcaLS1ORgh/SdrM=,P2BiRKduPaEB7IFXTKg1PAVEpVw=
-10,24,1Kuh+Va4bdylxcaLS1ORgh/SdrM=,P2BiRKduPaEB7IFXTKg1PAVEpVw=
-10,18,1Kuh+Va4bdylxcaLS1ORgh/SdrM=,P2BiRKduPaEB7IFXTKg1PAVEpVw=
-12,24,1Kuh+Va4bdylxcaLS1ORgh/SdrM=,P2BiRKduPaEB7IFXTKg1PAVEpVw=
-11,24,1Kuh+Va4bdylxcaLS1ORgh/SdrM=,P2BiRKduPaEB7IFXTKg1PAVEpVw=
-6,16,1Kuh+Va4bdylxcaLS1ORgh/SdrM=,P2BiRKduPaEB7IFXTKg1PAVEpVw=
-7,24,1Kuh+Va4bdylxcaLS1ORgh/SdrM=,P2BiRKduPaEB7IFXTKg1PAVEpVw=
-13,24,1Kuh+Va4bdylxcaLS1ORgh/SdrM=,P2BiRKduPaEB7IFXTKg1PAVEpVw=
-15,24,1Kuh+Va4bdylxcaLS1ORgh/SdrM=,P2BiRKduPaEB7IFXTKg1PAVEpVw=
-16,24,1Kuh+Va4bdylxcaLS1ORgh/SdrM=,P2BiRKduPaEB7IFXTKg1PAVEpVw=
-14,24,1Kuh+Va4bdylxcaLS1ORgh/SdrM=,P2BiRKduPaEB7IFXTKg1PAVEpVw=
-4,23,1Kuh+Va4bdylxcaLS1ORgh/SdrM=,P2BiRKduPaEB7IFXTKg1PAVEpVw=
-6,23,1Kuh+Va4bdylxcaLS1ORgh/SdrM=,P2BiRKduPaEB7IFXTKg1PAVEpVw=
-5,23,1Kuh+Va4bdylxcaLS1ORgh/SdrM=,P2BiRKduPaEB7IFXTKg1PAVEpVw=
-7,23,1Kuh+Va4bdylxcaLS1ORgh/SdrM=,P2BiRKduPaEB7IFXTKg1PAVEpVw=
-2,23,1Kuh+Va4bdylxcaLS1ORgh/SdrM=,P2BiRKduPaEB7IFXTKg1PAVEpVw=
-8,23,1Kuh+Va4bdylxcaLS1ORgh/SdrM=,P2BiRKduPaEB7IFXTKg1PAVEpVw=
-9,23,1Kuh+Va4bdylxcaLS1ORgh/SdrM=,P2BiRKduPaEB7IFXTKg1PAVEpVw=
-10,23,1Kuh+Va4bdylxcaLS1ORgh/SdrM=,P2BiRKduPaEB7IFXTKg1PAVEpVw=
-11,23,1Kuh+Va4bdylxcaLS1ORgh/SdrM=,P2BiRKduPaEB7IFXTKg1PAVEpVw=
-3,23,1Kuh+Va4bdylxcaLS1ORgh/SdrM=,P2BiRKduPaEB7IFXTKg1PAVEpVw=
-12,23,1Kuh+Va4bdylxcaLS1ORgh/SdrM=,P2BiRKduPaEB7IFXTKg1PAVEpVw=
-13,23,1Kuh+Va4bdylxcaLS1ORgh/SdrM=,P2BiRKduPaEB7IFXTKg1PAVEpVw=
-1,27,1Kuh+Va4bdylxcaLS1ORgh/SdrM=,P2BiRKduPaEB7IFXTKg1PAVEpVw=
-11,18,1Kuh+Va4bdylxcaLS1ORgh/SdrM=,P2BiRKduPaEB7IFXTKg1PAVEpVw=
-7,16,1Kuh+Va4bdylxcaLS1ORgh/SdrM=,P2BiRKduPaEB7IFXTKg1PAVEpVw=
-14,23,1Kuh+Va4bdylxcaLS1ORgh/SdrM=,P2BiRKduPaEB7IFXTKg1PAVEpVw=
-15,23,1Kuh+Va4bdylxcaLS1ORgh/SdrM=,P2BiRKduPaEB7IFXTKg1PAVEpVw=
-2,22,1Kuh+Va4bdylxcaLS1ORgh/SdrM=,P2BiRKduPaEB7IFXTKg1PAVEpVw=
-1,22,1Kuh+Va4bdylxcaLS1ORgh/SdrM=,P2BiRKduPaEB7IFXTKg1PAVEpVw=
-6,22,1Kuh+Va4bdylxcaLS1ORgh/SdrM=,P2BiRKduPaEB7IFXTKg1PAVEpVw=
-7,22,1Kuh+Va4bdylxcaLS1ORgh/SdrM=,P2BiRKduPaEB7IFXTKg1PAVEpVw=
-16,23,1Kuh+Va4bdylxcaLS1ORgh/SdrM=,P2BiRKduPaEB7IFXTKg1PAVEpVw=
-8,22,1Kuh+Va4bdylxcaLS1ORgh/SdrM=,P2BiRKduPaEB7IFXTKg1PAVEpVw=
-5,22,1Kuh+Va4bdylxcaLS1ORgh/SdrM=,P2BiRKduPaEB7IFXTKg1PAVEpVw=
-9,22,1Kuh+Va4bdylxcaLS1ORgh/SdrM=,P2BiRKduPaEB7IFXTKg1PAVEpVw=
-10,22,1Kuh+Va4bdylxcaLS1ORgh/SdrM=,P2BiRKduPaEB7IFXTKg1PAVEpVw=
-12,18,1Kuh+Va4bdylxcaLS1ORgh/SdrM=,P2BiRKduPaEB7IFXTKg1PAVEpVw=
-8,16,1Kuh+Va4bdylxcaLS1ORgh/SdrM=,P2BiRKduPaEB7IFXTKg1PAVEpVw=
-11,22,1Kuh+Va4bdylxcaLS1ORgh/SdrM=,P2BiRKduPaEB7IFXTKg1PAVEpVw=
-12,22,1Kuh+Va4bdylxcaLS1ORgh/SdrM=,P2BiRKduPaEB7IFXTKg1PAVEpVw=
-13,22,1Kuh+Va4bdylxcaLS1ORgh/SdrM=,P2BiRKduPaEB7IFXTKg1PAVEpVw=
-4,22,1Kuh+Va4bdylxcaLS1ORgh/SdrM=,P2BiRKduPaEB7IFXTKg1PAVEpVw=
-3,22,1Kuh+Va4bdylxcaLS1ORgh/SdrM=,P2BiRKduPaEB7IFXTKg1PAVEpVw=
-14,22,1Kuh+Va4bdylxcaLS1ORgh/SdrM=,P2BiRKduPaEB7IFXTKg1PAVEpVw=
-15,22,1Kuh+Va4bdylxcaLS1ORgh/SdrM=,P2BiRKduPaEB7IFXTKg1PAVEpVw=
-1,21,1Kuh+Va4bdylxcaLS1ORgh/SdrM=,P2BiRKduPaEB7IFXTKg1PAVEpVw=
-16,22,1Kuh+Va4bdylxcaLS1ORgh/SdrM=,P2BiRKduPaEB7IFXTKg1PAVEpVw=
-5,21,1Kuh+Va4bdylxcaLS1ORgh/SdrM=,P2BiRKduPaEB7IFXTKg1PAVEpVw=
-6,21,1Kuh+Va4bdylxcaLS1ORgh/SdrM=,P2BiRKduPaEB7IFXTKg1PAVEpVw=
-3,21,1Kuh+Va4bdylxcaLS1ORgh/SdrM=,P2BiRKduPaEB7IFXTKg1PAVEpVw=
-4,21,1Kuh+Va4bdylxcaLS1ORgh/SdrM=,P2BiRKduPaEB7IFXTKg1PAVEpVw=
-7,21,1Kuh+Va4bdylxcaLS1ORgh/SdrM=,P2BiRKduPaEB7IFXTKg1PAVEpVw=
-8,21,1Kuh+Va4bdylxcaLS1ORgh/SdrM=,P2BiRKduPaEB7IFXTKg1PAVEpVw=
-9,21,1Kuh+Va4bdylxcaLS1ORgh/SdrM=,P2BiRKduPaEB7IFXTKg1PAVEpVw=
-2,21,1Kuh+Va4bdylxcaLS1ORgh/SdrM=,P2BiRKduPaEB7IFXTKg1PAVEpVw=
-11,21,1Kuh+Va4bdylxcaLS1ORgh/SdrM=,P2BiRKduPaEB7IFXTKg1PAVEpVw=
-10,21,1Kuh+Va4bdylxcaLS1ORgh/SdrM=,P2BiRKduPaEB7IFXTKg1PAVEpVw=
-13,21,1Kuh+Va4bdylxcaLS1ORgh/SdrM=,P2BiRKduPaEB7IFXTKg1PAVEpVw=
-9,16,1Kuh+Va4bdylxcaLS1ORgh/SdrM=,P2BiRKduPaEB7IFXTKg1PAVEpVw=
-12,21,1Kuh+Va4bdylxcaLS1ORgh/SdrM=,P2BiRKduPaEB7IFXTKg1PAVEpVw=
-13,18,1Kuh+Va4bdylxcaLS1ORgh/SdrM=,P2BiRKduPaEB7IFXTKg1PAVEpVw=
-8,27,1Kuh+Va4bdylxcaLS1ORgh/SdrM=,P2BiRKduPaEB7IFXTKg1PAVEpVw=
-10,16,1Kuh+Va4bdylxcaLS1ORgh/SdrM=,P2BiRKduPaEB7IFXTKg1PAVEpVw=
-14,21,1Kuh+Va4bdylxcaLS1ORgh/SdrM=,P2BiRKduPaEB7IFXTKg1PAVEpVw=
-16,21,1Kuh+Va4bdylxcaLS1ORgh/SdrM=,P2BiRKduPaEB7IFXTKg1PAVEpVw=
-3,20,1Kuh+Va4bdylxcaLS1ORgh/SdrM=,P2BiRKduPaEB7IFXTKg1PAVEpVw=
-15,21,1Kuh+Va4bdylxcaLS1ORgh/SdrM=,P2BiRKduPaEB7IFXTKg1PAVEpVw=
-2,20,1Kuh+Va4bdylxcaLS1ORgh/SdrM=,P2BiRKduPaEB7IFXTKg1PAVEpVw=
-4,20,1Kuh+Va4bdylxcaLS1ORgh/SdrM=,P2BiRKduPaEB7IFXTKg1PAVEpVw=
-5,20,1Kuh+Va4bdylxcaLS1ORgh/SdrM=,P2BiRKduPaEB7IFXTKg1PAVEpVw=
-6,20,1Kuh+Va4bdylxcaLS1ORgh/SdrM=,P2BiRKduPaEB7IFXTKg1PAVEpVw=
-7,20,1Kuh+Va4bdylxcaLS1ORgh/SdrM=,P2BiRKduPaEB7IFXTKg1PAVEpVw=
-8,20,1Kuh+Va4bdylxcaLS1ORgh/SdrM=,P2BiRKduPaEB7IFXTKg1PAVEpVw=
-9,20,1Kuh+Va4bdylxcaLS1ORgh/SdrM=,P2BiRKduPaEB7IFXTKg1PAVEpVw=
-10,20,1Kuh+Va4bdylxcaLS1ORgh/SdrM=,P2BiRKduPaEB7IFXTKg1PAVEpVw=
-11,20,1Kuh+Va4bdylxcaLS1ORgh/SdrM=,P2BiRKduPaEB7IFXTKg1PAVEpVw=
-11,16,1Kuh+Va4bdylxcaLS1ORgh/SdrM=,P2BiRKduPaEB7IFXTKg1PAVEpVw=
-12,20,1Kuh+Va4bdylxcaLS1ORgh/SdrM=,P2BiRKduPaEB7IFXTKg1PAVEpVw=
-13,20,1Kuh+Va4bdylxcaLS1ORgh/SdrM=,P2BiRKduPaEB7IFXTKg1PAVEpVw=
-14,18,1Kuh+Va4bdylxcaLS1ORgh/SdrM=,P2BiRKduPaEB7IFXTKg1PAVEpVw=
-16,16,1Kuh+Va4bdylxcaLS1ORgh/SdrM=,P2BiRKduPaEB7IFXTKg1PAVEpVw=
-14,20,1Kuh+Va4bdylxcaLS1ORgh/SdrM=,P2BiRKduPaEB7IFXTKg1PAVEpVw=
-1,19,1Kuh+Va4bdylxcaLS1ORgh/SdrM=,P2BiRKduPaEB7IFXTKg1PAVEpVw=
-16,20,1Kuh+Va4bdylxcaLS1ORgh/SdrM=,P2BiRKduPaEB7IFXTKg1PAVEpVw=
-3,19,1Kuh+Va4bdylxcaLS1ORgh/SdrM=,P2BiRKduPaEB7IFXTKg1PAVEpVw=
-2,19,1Kuh+Va4bdylxcaLS1ORgh/SdrM=,P2BiRKduPaEB7IFXTKg1PAVEpVw=
-4,19,1Kuh+Va4bdylxcaLS1ORgh/SdrM=,P2BiRKduPaEB7IFXTKg1PAVEpVw=
-5,19,1Kuh+Va4bdylxcaLS1ORgh/SdrM=,P2BiRKduPaEB7IFXTKg1PAVEpVw=
-6,19,1Kuh+Va4bdylxcaLS1ORgh/SdrM=,P2BiRKduPaEB7IFXTKg1PAVEpVw=
-15,18,1Kuh+Va4bdylxcaLS1ORgh/SdrM=,P2BiRKduPaEB7IFXTKg1PAVEpVw=
-8,19,1Kuh+Va4bdylxcaLS1ORgh/SdrM=,P2BiRKduPaEB7IFXTKg1PAVEpVw=
-7,19,1Kuh+Va4bdylxcaLS1ORgh/SdrM=,P2BiRKduPaEB7IFXTKg1PAVEpVw=
-9,19,1Kuh+Va4bdylxcaLS1ORgh/SdrM=,P2BiRKduPaEB7IFXTKg1PAVEpVw=
-10,19,1Kuh+Va4bdylxcaLS1ORgh/SdrM=,P2BiRKduPaEB7IFXTKg1PAVEpVw=
-11,19,1Kuh+Va4bdylxcaLS1ORgh/SdrM=,P2BiRKduPaEB7IFXTKg1PAVEpVw=
-12,19,1Kuh+Va4bdylxcaLS1ORgh/SdrM=,P2BiRKduPaEB7IFXTKg1PAVEpVw=
-13,19,1Kuh+Va4bdylxcaLS1ORgh/SdrM=,P2BiRKduPaEB7IFXTKg1PAVEpVw=
-12,16,1Kuh+Va4bdylxcaLS1ORgh/SdrM=,P2BiRKduPaEB7IFXTKg1PAVEpVw=
-14,19,1Kuh+Va4bdylxcaLS1ORgh/SdrM=,P2BiRKduPaEB7IFXTKg1PAVEpVw=
-1,18,1Kuh+Va4bdylxcaLS1ORgh/SdrM=,P2BiRKduPaEB7IFXTKg1PAVEpVw=
-15,19,1Kuh+Va4bdylxcaLS1ORgh/SdrM=,P2BiRKduPaEB7IFXTKg1PAVEpVw=
-16,19,1Kuh+Va4bdylxcaLS1ORgh/SdrM=,P2BiRKduPaEB7IFXTKg1PAVEpVw=
-16,18,1Kuh+Va4bdylxcaLS1ORgh/SdrM=,P2BiRKduPaEB7IFXTKg1PAVEpVw=
-1,20,1Kuh+Va4bdylxcaLS1ORgh/SdrM=,P2BiRKduPaEB7IFXTKg1PAVEpVw=
-1,23,1Kuh+Va4bdylxcaLS1ORgh/SdrM=,P2BiRKduPaEB7IFXTKg1PAVEpVw=
-15,20,1Kuh+Va4bdylxcaLS1ORgh/SdrM=,P2BiRKduPaEB7IFXTKg1PAVEpVw=
-2,2,zYtvV5bHpWLhAnVWsU3x8XtkI3s=,P2BiRKduPaEB7IFXTKg1PAVEpVw=
-1,15,zYtvV5bHpWLhAnVWsU3x8XtkI3s=,P2BiRKduPaEB7IFXTKg1PAVEpVw=
-3,2,zYtvV5bHpWLhAnVWsU3x8XtkI3s=,P2BiRKduPaEB7IFXTKg1PAVEpVw=
-2,15,zYtvV5bHpWLhAnVWsU3x8XtkI3s=,P2BiRKduPaEB7IFXTKg1PAVEpVw=
-3,15,zYtvV5bHpWLhAnVWsU3x8XtkI3s=,P2BiRKduPaEB7IFXTKg1PAVEpVw=
-4,15,zYtvV5bHpWLhAnVWsU3x8XtkI3s=,P2BiRKduPaEB7IFXTKg1PAVEpVw=
-13,0,zYtvV5bHpWLhAnVWsU3x8XtkI3s=,P2BiRKduPaEB7IFXTKg1PAVEpVw=
-5,15,zYtvV5bHpWLhAnVWsU3x8XtkI3s=,P2BiRKduPaEB7IFXTKg1PAVEpVw=
-6,15,zYtvV5bHpWLhAnVWsU3x8XtkI3s=,P2BiRKduPaEB7IFXTKg1PAVEpVw=
-10,15,zYtvV5bHpWLhAnVWsU3x8XtkI3s=,P2BiRKduPaEB7IFXTKg1PAVEpVw=
-9,15,zYtvV5bHpWLhAnVWsU3x8XtkI3s=,P2BiRKduPaEB7IFXTKg1PAVEpVw=
-7,15,wAT3c53bYtK0dYdS+UAwyH4vm5c=,P2BiRKduPaEB7IFXTKg1PAVEpVw=
-8,15,wAT3c53bYtK0dYdS+UAwyH4vm5c=,P2BiRKduPaEB7IFXTKg1PAVEpVw=
-11,15,wAT3c53bYtK0dYdS+UAwyH4vm5c=,P2BiRKduPaEB7IFXTKg1PAVEpVw=
-1,1,wAT3c53bYtK0dYdS+UAwyH4vm5c=,P2BiRKduPaEB7IFXTKg1PAVEpVw=
-15,1,wAT3c53bYtK0dYdS+UAwyH4vm5c=,P2BiRKduPaEB7IFXTKg1PAVEpVw=
-13,15,wAT3c53bYtK0dYdS+UAwyH4vm5c=,P2BiRKduPaEB7IFXTKg1PAVEpVw=
-2,1,wAT3c53bYtK0dYdS+UAwyH4vm5c=,P2BiRKduPaEB7IFXTKg1PAVEpVw=
-4,1,wAT3c53bYtK0dYdS+UAwyH4vm5c=,P2BiRKduPaEB7IFXTKg1PAVEpVw=
-3,1,wAT3c53bYtK0dYdS+UAwyH4vm5c=,P2BiRKduPaEB7IFXTKg1PAVEpVw=
-5,1,wAT3c53bYtK0dYdS+UAwyH4vm5c=,P2BiRKduPaEB7IFXTKg1PAVEpVw=
-12,15,wAT3c53bYtK0dYdS+UAwyH4vm5c=,P2BiRKduPaEB7IFXTKg1PAVEpVw=
-9,1,wAT3c53bYtK0dYdS+UAwyH4vm5c=,P2BiRKduPaEB7IFXTKg1PAVEpVw=
-6,1,wAT3c53bYtK0dYdS+UAwyH4vm5c=,P2BiRKduPaEB7IFXTKg1PAVEpVw=
-10,1,wAT3c53bYtK0dYdS+UAwyH4vm5c=,P2BiRKduPaEB7IFXTKg1PAVEpVw=
-15,15,wAT3c53bYtK0dYdS+UAwyH4vm5c=,P2BiRKduPaEB7IFXTKg1PAVEpVw=
-14,15,wAT3c53bYtK0dYdS+UAwyH4vm5c=,P2BiRKduPaEB7IFXTKg1PAVEpVw=
-8,1,wAT3c53bYtK0dYdS+UAwyH4vm5c=,P2BiRKduPaEB7IFXTKg1PAVEpVw=
-13,1,wAT3c53bYtK0dYdS+UAwyH4vm5c=,P2BiRKduPaEB7IFXTKg1PAVEpVw=
-14,1,wAT3c53bYtK0dYdS+UAwyH4vm5c=,P2BiRKduPaEB7IFXTKg1PAVEpVw=
-2,14,wAT3c53bYtK0dYdS+UAwyH4vm5c=,P2BiRKduPaEB7IFXTKg1PAVEpVw=
-11,1,wAT3c53bYtK0dYdS+UAwyH4vm5c=,P2BiRKduPaEB7IFXTKg1PAVEpVw=
-1,14,wAT3c53bYtK0dYdS+UAwyH4vm5c=,P2BiRKduPaEB7IFXTKg1PAVEpVw=
-12,1,wAT3c53bYtK0dYdS+UAwyH4vm5c=,P2BiRKduPaEB7IFXTKg1PAVEpVw=
-4,2,wAT3c53bYtK0dYdS+UAwyH4vm5c=,P2BiRKduPaEB7IFXTKg1PAVEpVw=
-14,0,wAT3c53bYtK0dYdS+UAwyH4vm5c=,P2BiRKduPaEB7IFXTKg1PAVEpVw=
-3,14,wAT3c53bYtK0dYdS+UAwyH4vm5c=,P2BiRKduPaEB7IFXTKg1PAVEpVw=
-6,14,wAT3c53bYtK0dYdS+UAwyH4vm5c=,P2BiRKduPaEB7IFXTKg1PAVEpVw=
-4,14,wAT3c53bYtK0dYdS+UAwyH4vm5c=,P2BiRKduPaEB7IFXTKg1PAVEpVw=
-5,14,wAT3c53bYtK0dYdS+UAwyH4vm5c=,P2BiRKduPaEB7IFXTKg1PAVEpVw=
-7,14,wAT3c53bYtK0dYdS+UAwyH4vm5c=,P2BiRKduPaEB7IFXTKg1PAVEpVw=
-10,14,wAT3c53bYtK0dYdS+UAwyH4vm5c=,P2BiRKduPaEB7IFXTKg1PAVEpVw=
-9,14,wAT3c53bYtK0dYdS+UAwyH4vm5c=,P2BiRKduPaEB7IFXTKg1PAVEpVw=
-8,14,wAT3c53bYtK0dYdS+UAwyH4vm5c=,P2BiRKduPaEB7IFXTKg1PAVEpVw=
-11,14,wAT3c53bYtK0dYdS+UAwyH4vm5c=,P2BiRKduPaEB7IFXTKg1PAVEpVw=
-12,14,wAT3c53bYtK0dYdS+UAwyH4vm5c=,P2BiRKduPaEB7IFXTKg1PAVEpVw=
-16,15,wAT3c53bYtK0dYdS+UAwyH4vm5c=,P2BiRKduPaEB7IFXTKg1PAVEpVw=
-1,13,wAT3c53bYtK0dYdS+UAwyH4vm5c=,P2BiRKduPaEB7IFXTKg1PAVEpVw=
-15,14,wAT3c53bYtK0dYdS+UAwyH4vm5c=,P2BiRKduPaEB7IFXTKg1PAVEpVw=
-16,1,wAT3c53bYtK0dYdS+UAwyH4vm5c=,P2BiRKduPaEB7IFXTKg1PAVEpVw=
-13,14,wAT3c53bYtK0dYdS+UAwyH4vm5c=,P2BiRKduPaEB7IFXTKg1PAVEpVw=
-2,13,wAT3c53bYtK0dYdS+UAwyH4vm5c=,P2BiRKduPaEB7IFXTKg1PAVEpVw=
-16,14,wAT3c53bYtK0dYdS+UAwyH4vm5c=,P2BiRKduPaEB7IFXTKg1PAVEpVw=
-14,14,wAT3c53bYtK0dYdS+UAwyH4vm5c=,P2BiRKduPaEB7IFXTKg1PAVEpVw=
-5,2,wAT3c53bYtK0dYdS+UAwyH4vm5c=,P2BiRKduPaEB7IFXTKg1PAVEpVw=
-5,13,wAT3c53bYtK0dYdS+UAwyH4vm5c=,P2BiRKduPaEB7IFXTKg1PAVEpVw=
-4,13,wAT3c53bYtK0dYdS+UAwyH4vm5c=,P2BiRKduPaEB7IFXTKg1PAVEpVw=
-6,13,wAT3c53bYtK0dYdS+UAwyH4vm5c=,P2BiRKduPaEB7IFXTKg1PAVEpVw=
-3,13,wAT3c53bYtK0dYdS+UAwyH4vm5c=,P2BiRKduPaEB7IFXTKg1PAVEpVw=
-7,13,wAT3c53bYtK0dYdS+UAwyH4vm5c=,P2BiRKduPaEB7IFXTKg1PAVEpVw=
-10,13,wAT3c53bYtK0dYdS+UAwyH4vm5c=,P2BiRKduPaEB7IFXTKg1PAVEpVw=
-8,13,wAT3c53bYtK0dYdS+UAwyH4vm5c=,P2BiRKduPaEB7IFXTKg1PAVEpVw=
-1,0,wAT3c53bYtK0dYdS+UAwyH4vm5c=,P2BiRKduPaEB7IFXTKg1PAVEpVw=
-15,13,wAT3c53bYtK0dYdS+UAwyH4vm5c=,P2BiRKduPaEB7IFXTKg1PAVEpVw=
-15,0,wAT3c53bYtK0dYdS+UAwyH4vm5c=,P2BiRKduPaEB7IFXTKg1PAVEpVw=
-13,13,wAT3c53bYtK0dYdS+UAwyH4vm5c=,P2BiRKduPaEB7IFXTKg1PAVEpVw=
-12,13,wAT3c53bYtK0dYdS+UAwyH4vm5c=,P2BiRKduPaEB7IFXTKg1PAVEpVw=
-14,13,wAT3c53bYtK0dYdS+UAwyH4vm5c=,P2BiRKduPaEB7IFXTKg1PAVEpVw=
-9,13,wAT3c53bYtK0dYdS+UAwyH4vm5c=,P2BiRKduPaEB7IFXTKg1PAVEpVw=
-1,12,wAT3c53bYtK0dYdS+UAwyH4vm5c=,P2BiRKduPaEB7IFXTKg1PAVEpVw=
-11,13,wAT3c53bYtK0dYdS+UAwyH4vm5c=,P2BiRKduPaEB7IFXTKg1PAVEpVw=
-2,12,wAT3c53bYtK0dYdS+UAwyH4vm5c=,P2BiRKduPaEB7IFXTKg1PAVEpVw=
-2,0,wAT3c53bYtK0dYdS+UAwyH4vm5c=,P2BiRKduPaEB7IFXTKg1PAVEpVw=
-6,2,wAT3c53bYtK0dYdS+UAwyH4vm5c=,P2BiRKduPaEB7IFXTKg1PAVEpVw=
-4,12,wAT3c53bYtK0dYdS+UAwyH4vm5c=,P2BiRKduPaEB7IFXTKg1PAVEpVw=
-7,12,wAT3c53bYtK0dYdS+UAwyH4vm5c=,P2BiRKduPaEB7IFXTKg1PAVEpVw=
-7,1,wAT3c53bYtK0dYdS+UAwyH4vm5c=,P2BiRKduPaEB7IFXTKg1PAVEpVw=
-16,13,wAT3c53bYtK0dYdS+UAwyH4vm5c=,P2BiRKduPaEB7IFXTKg1PAVEpVw=
-8,12,wAT3c53bYtK0dYdS+UAwyH4vm5c=,P2BiRKduPaEB7IFXTKg1PAVEpVw=
-9,12,wAT3c53bYtK0dYdS+UAwyH4vm5c=,P2BiRKduPaEB7IFXTKg1PAVEpVw=
-12,12,wAT3c53bYtK0dYdS+UAwyH4vm5c=,P2BiRKduPaEB7IFXTKg1PAVEpVw=
-11,12,wAT3c53bYtK0dYdS+UAwyH4vm5c=,P2BiRKduPaEB7IFXTKg1PAVEpVw=
-13,12,wAT3c53bYtK0dYdS+UAwyH4vm5c=,P2BiRKduPaEB7IFXTKg1PAVEpVw=
-14,12,wAT3c53bYtK0dYdS+UAwyH4vm5c=,P2BiRKduPaEB7IFXTKg1PAVEpVw=
-5,12,wAT3c53bYtK0dYdS+UAwyH4vm5c=,P2BiRKduPaEB7IFXTKg1PAVEpVw=
-10,12,wAT3c53bYtK0dYdS+UAwyH4vm5c=,P2BiRKduPaEB7IFXTKg1PAVEpVw=
-1,11,wAT3c53bYtK0dYdS+UAwyH4vm5c=,P2BiRKduPaEB7IFXTKg1PAVEpVw=
-3,11,wAT3c53bYtK0dYdS+UAwyH4vm5c=,P2BiRKduPaEB7IFXTKg1PAVEpVw=
-15,12,wAT3c53bYtK0dYdS+UAwyH4vm5c=,P2BiRKduPaEB7IFXTKg1PAVEpVw=
-2,11,wAT3c53bYtK0dYdS+UAwyH4vm5c=,P2BiRKduPaEB7IFXTKg1PAVEpVw=
-16,12,wAT3c53bYtK0dYdS+UAwyH4vm5c=,P2BiRKduPaEB7IFXTKg1PAVEpVw=
-4,11,wAT3c53bYtK0dYdS+UAwyH4vm5c=,P2BiRKduPaEB7IFXTKg1PAVEpVw=
-7,11,wAT3c53bYtK0dYdS+UAwyH4vm5c=,P2BiRKduPaEB7IFXTKg1PAVEpVw=
-3,0,wAT3c53bYtK0dYdS+UAwyH4vm5c=,P2BiRKduPaEB7IFXTKg1PAVEpVw=
-9,11,wAT3c53bYtK0dYdS+UAwyH4vm5c=,P2BiRKduPaEB7IFXTKg1PAVEpVw=
-7,2,wAT3c53bYtK0dYdS+UAwyH4vm5c=,P2BiRKduPaEB7IFXTKg1PAVEpVw=
-11,11,wAT3c53bYtK0dYdS+UAwyH4vm5c=,P2BiRKduPaEB7IFXTKg1PAVEpVw=
-10,11,wAT3c53bYtK0dYdS+UAwyH4vm5c=,P2BiRKduPaEB7IFXTKg1PAVEpVw=
-8,11,wAT3c53bYtK0dYdS+UAwyH4vm5c=,P2BiRKduPaEB7IFXTKg1PAVEpVw=
-3,12,wAT3c53bYtK0dYdS+UAwyH4vm5c=,P2BiRKduPaEB7IFXTKg1PAVEpVw=
-6,11,wAT3c53bYtK0dYdS+UAwyH4vm5c=,P2BiRKduPaEB7IFXTKg1PAVEpVw=
-14,11,wAT3c53bYtK0dYdS+UAwyH4vm5c=,P2BiRKduPaEB7IFXTKg1PAVEpVw=
-12,11,wAT3c53bYtK0dYdS+UAwyH4vm5c=,P2BiRKduPaEB7IFXTKg1PAVEpVw=
-13,11,wAT3c53bYtK0dYdS+UAwyH4vm5c=,P2BiRKduPaEB7IFXTKg1PAVEpVw=
-1,10,wAT3c53bYtK0dYdS+UAwyH4vm5c=,P2BiRKduPaEB7IFXTKg1PAVEpVw=
-5,11,wAT3c53bYtK0dYdS+UAwyH4vm5c=,P2BiRKduPaEB7IFXTKg1PAVEpVw=
-2,10,wAT3c53bYtK0dYdS+UAwyH4vm5c=,P2BiRKduPaEB7IFXTKg1PAVEpVw=
-3,10,wAT3c53bYtK0dYdS+UAwyH4vm5c=,P2BiRKduPaEB7IFXTKg1PAVEpVw=
-15,11,wAT3c53bYtK0dYdS+UAwyH4vm5c=,P2BiRKduPaEB7IFXTKg1PAVEpVw=
-7,10,wAT3c53bYtK0dYdS+UAwyH4vm5c=,P2BiRKduPaEB7IFXTKg1PAVEpVw=
-4,0,wAT3c53bYtK0dYdS+UAwyH4vm5c=,P2BiRKduPaEB7IFXTKg1PAVEpVw=
-8,10,wAT3c53bYtK0dYdS+UAwyH4vm5c=,P2BiRKduPaEB7IFXTKg1PAVEpVw=
-4,10,wAT3c53bYtK0dYdS+UAwyH4vm5c=,P2BiRKduPaEB7IFXTKg1PAVEpVw=
-6,10,wAT3c53bYtK0dYdS+UAwyH4vm5c=,P2BiRKduPaEB7IFXTKg1PAVEpVw=
-9,10,wAT3c53bYtK0dYdS+UAwyH4vm5c=,P2BiRKduPaEB7IFXTKg1PAVEpVw=
-11,10,wAT3c53bYtK0dYdS+UAwyH4vm5c=,P2BiRKduPaEB7IFXTKg1PAVEpVw=
-12,10,wAT3c53bYtK0dYdS+UAwyH4vm5c=,P2BiRKduPaEB7IFXTKg1PAVEpVw=
-13,10,wAT3c53bYtK0dYdS+UAwyH4vm5c=,P2BiRKduPaEB7IFXTKg1PAVEpVw=
-16,11,wAT3c53bYtK0dYdS+UAwyH4vm5c=,P2BiRKduPaEB7IFXTKg1PAVEpVw=
-14,10,wAT3c53bYtK0dYdS+UAwyH4vm5c=,P2BiRKduPaEB7IFXTKg1PAVEpVw=
-10,10,wAT3c53bYtK0dYdS+UAwyH4vm5c=,P2BiRKduPaEB7IFXTKg1PAVEpVw=
-5,10,wAT3c53bYtK0dYdS+UAwyH4vm5c=,P2BiRKduPaEB7IFXTKg1PAVEpVw=
-1,9,wAT3c53bYtK0dYdS+UAwyH4vm5c=,P2BiRKduPaEB7IFXTKg1PAVEpVw=
-2,9,wAT3c53bYtK0dYdS+UAwyH4vm5c=,P2BiRKduPaEB7IFXTKg1PAVEpVw=
-3,9,wAT3c53bYtK0dYdS+UAwyH4vm5c=,P2BiRKduPaEB7IFXTKg1PAVEpVw=
-15,10,wAT3c53bYtK0dYdS+UAwyH4vm5c=,P2BiRKduPaEB7IFXTKg1PAVEpVw=
-7,9,wAT3c53bYtK0dYdS+UAwyH4vm5c=,P2BiRKduPaEB7IFXTKg1PAVEpVw=
-8,2,wAT3c53bYtK0dYdS+UAwyH4vm5c=,P2BiRKduPaEB7IFXTKg1PAVEpVw=
-8,9,wAT3c53bYtK0dYdS+UAwyH4vm5c=,P2BiRKduPaEB7IFXTKg1PAVEpVw=
-16,10,wAT3c53bYtK0dYdS+UAwyH4vm5c=,P2BiRKduPaEB7IFXTKg1PAVEpVw=
-9,9,wAT3c53bYtK0dYdS+UAwyH4vm5c=,P2BiRKduPaEB7IFXTKg1PAVEpVw=
-6,9,wAT3c53bYtK0dYdS+UAwyH4vm5c=,P2BiRKduPaEB7IFXTKg1PAVEpVw=
-10,9,wAT3c53bYtK0dYdS+UAwyH4vm5c=,P2BiRKduPaEB7IFXTKg1PAVEpVw=
-11,9,wAT3c53bYtK0dYdS+UAwyH4vm5c=,P2BiRKduPaEB7IFXTKg1PAVEpVw=
-12,9,wAT3c53bYtK0dYdS+UAwyH4vm5c=,P2BiRKduPaEB7IFXTKg1PAVEpVw=
-13,9,wAT3c53bYtK0dYdS+UAwyH4vm5c=,P2BiRKduPaEB7IFXTKg1PAVEpVw=
-5,0,wAT3c53bYtK0dYdS+UAwyH4vm5c=,P2BiRKduPaEB7IFXTKg1PAVEpVw=
-4,9,wAT3c53bYtK0dYdS+UAwyH4vm5c=,P2BiRKduPaEB7IFXTKg1PAVEpVw=
-16,9,wAT3c53bYtK0dYdS+UAwyH4vm5c=,P2BiRKduPaEB7IFXTKg1PAVEpVw=
-1,8,wAT3c53bYtK0dYdS+UAwyH4vm5c=,P2BiRKduPaEB7IFXTKg1PAVEpVw=
-14,9,wAT3c53bYtK0dYdS+UAwyH4vm5c=,P2BiRKduPaEB7IFXTKg1PAVEpVw=
-15,9,wAT3c53bYtK0dYdS+UAwyH4vm5c=,P2BiRKduPaEB7IFXTKg1PAVEpVw=
-2,8,wAT3c53bYtK0dYdS+UAwyH4vm5c=,P2BiRKduPaEB7IFXTKg1PAVEpVw=
-3,8,wAT3c53bYtK0dYdS+UAwyH4vm5c=,P2BiRKduPaEB7IFXTKg1PAVEpVw=
-7,8,wAT3c53bYtK0dYdS+UAwyH4vm5c=,P2BiRKduPaEB7IFXTKg1PAVEpVw=
-4,8,wAT3c53bYtK0dYdS+UAwyH4vm5c=,P2BiRKduPaEB7IFXTKg1PAVEpVw=
-6,8,wAT3c53bYtK0dYdS+UAwyH4vm5c=,P2BiRKduPaEB7IFXTKg1PAVEpVw=
-10,2,wAT3c53bYtK0dYdS+UAwyH4vm5c=,P2BiRKduPaEB7IFXTKg1PAVEpVw=
-8,8,wAT3c53bYtK0dYdS+UAwyH4vm5c=,P2BiRKduPaEB7IFXTKg1PAVEpVw=
-6,0,wAT3c53bYtK0dYdS+UAwyH4vm5c=,P2BiRKduPaEB7IFXTKg1PAVEpVw=
-5,9,wAT3c53bYtK0dYdS+UAwyH4vm5c=,P2BiRKduPaEB7IFXTKg1PAVEpVw=
-11,8,wAT3c53bYtK0dYdS+UAwyH4vm5c=,P2BiRKduPaEB7IFXTKg1PAVEpVw=
-5,8,wAT3c53bYtK0dYdS+UAwyH4vm5c=,P2BiRKduPaEB7IFXTKg1PAVEpVw=
-12,8,wAT3c53bYtK0dYdS+UAwyH4vm5c=,P2BiRKduPaEB7IFXTKg1PAVEpVw=
-6,12,wAT3c53bYtK0dYdS+UAwyH4vm5c=,P2BiRKduPaEB7IFXTKg1PAVEpVw=
-10,8,wAT3c53bYtK0dYdS+UAwyH4vm5c=,P2BiRKduPaEB7IFXTKg1PAVEpVw=
-14,8,wAT3c53bYtK0dYdS+UAwyH4vm5c=,P2BiRKduPaEB7IFXTKg1PAVEpVw=
-13,8,wAT3c53bYtK0dYdS+UAwyH4vm5c=,P2BiRKduPaEB7IFXTKg1PAVEpVw=
-15,8,wAT3c53bYtK0dYdS+UAwyH4vm5c=,P2BiRKduPaEB7IFXTKg1PAVEpVw=
-1,7,wAT3c53bYtK0dYdS+UAwyH4vm5c=,P2BiRKduPaEB7IFXTKg1PAVEpVw=
-16,8,wAT3c53bYtK0dYdS+UAwyH4vm5c=,P2BiRKduPaEB7IFXTKg1PAVEpVw=
-2,7,wAT3c53bYtK0dYdS+UAwyH4vm5c=,P2BiRKduPaEB7IFXTKg1PAVEpVw=
-3,7,wAT3c53bYtK0dYdS+UAwyH4vm5c=,P2BiRKduPaEB7IFXTKg1PAVEpVw=
-9,8,wAT3c53bYtK0dYdS+UAwyH4vm5c=,P2BiRKduPaEB7IFXTKg1PAVEpVw=
-8,7,wAT3c53bYtK0dYdS+UAwyH4vm5c=,P2BiRKduPaEB7IFXTKg1PAVEpVw=
-9,7,wAT3c53bYtK0dYdS+UAwyH4vm5c=,P2BiRKduPaEB7IFXTKg1PAVEpVw=
-6,7,wAT3c53bYtK0dYdS+UAwyH4vm5c=,P2BiRKduPaEB7IFXTKg1PAVEpVw=
-11,2,wAT3c53bYtK0dYdS+UAwyH4vm5c=,P2BiRKduPaEB7IFXTKg1PAVEpVw=
-10,7,wAT3c53bYtK0dYdS+UAwyH4vm5c=,P2BiRKduPaEB7IFXTKg1PAVEpVw=
-12,7,wAT3c53bYtK0dYdS+UAwyH4vm5c=,P2BiRKduPaEB7IFXTKg1PAVEpVw=
-11,7,wAT3c53bYtK0dYdS+UAwyH4vm5c=,P2BiRKduPaEB7IFXTKg1PAVEpVw=
-16,7,wAT3c53bYtK0dYdS+UAwyH4vm5c=,P2BiRKduPaEB7IFXTKg1PAVEpVw=
-15,7,wAT3c53bYtK0dYdS+UAwyH4vm5c=,P2BiRKduPaEB7IFXTKg1PAVEpVw=
-7,0,wAT3c53bYtK0dYdS+UAwyH4vm5c=,P2BiRKduPaEB7IFXTKg1PAVEpVw=
-1,6,wAT3c53bYtK0dYdS+UAwyH4vm5c=,P2BiRKduPaEB7IFXTKg1PAVEpVw=
-2,6,wAT3c53bYtK0dYdS+UAwyH4vm5c=,P2BiRKduPaEB7IFXTKg1PAVEpVw=
-3,6,wAT3c53bYtK0dYdS+UAwyH4vm5c=,P2BiRKduPaEB7IFXTKg1PAVEpVw=
-4,6,wAT3c53bYtK0dYdS+UAwyH4vm5c=,P2BiRKduPaEB7IFXTKg1PAVEpVw=
-6,6,wAT3c53bYtK0dYdS+UAwyH4vm5c=,P2BiRKduPaEB7IFXTKg1PAVEpVw=
-14,7,wAT3c53bYtK0dYdS+UAwyH4vm5c=,P2BiRKduPaEB7IFXTKg1PAVEpVw=
-7,6,wAT3c53bYtK0dYdS+UAwyH4vm5c=,P2BiRKduPaEB7IFXTKg1PAVEpVw=
-9,6,wAT3c53bYtK0dYdS+UAwyH4vm5c=,P2BiRKduPaEB7IFXTKg1PAVEpVw=
-5,6,wAT3c53bYtK0dYdS+UAwyH4vm5c=,P2BiRKduPaEB7IFXTKg1PAVEpVw=
-10,6,wAT3c53bYtK0dYdS+UAwyH4vm5c=,P2BiRKduPaEB7IFXTKg1PAVEpVw=
-12,2,wAT3c53bYtK0dYdS+UAwyH4vm5c=,P2BiRKduPaEB7IFXTKg1PAVEpVw=
-8,6,wAT3c53bYtK0dYdS+UAwyH4vm5c=,P2BiRKduPaEB7IFXTKg1PAVEpVw=
-12,6,wAT3c53bYtK0dYdS+UAwyH4vm5c=,P2BiRKduPaEB7IFXTKg1PAVEpVw=
-13,6,wAT3c53bYtK0dYdS+UAwyH4vm5c=,P2BiRKduPaEB7IFXTKg1PAVEpVw=
-9,2,wAT3c53bYtK0dYdS+UAwyH4vm5c=,P2BiRKduPaEB7IFXTKg1PAVEpVw=
-15,6,wAT3c53bYtK0dYdS+UAwyH4vm5c=,P2BiRKduPaEB7IFXTKg1PAVEpVw=
-1,5,wAT3c53bYtK0dYdS+UAwyH4vm5c=,P2BiRKduPaEB7IFXTKg1PAVEpVw=
-7,7,wAT3c53bYtK0dYdS+UAwyH4vm5c=,P2BiRKduPaEB7IFXTKg1PAVEpVw=
-8,0,wAT3c53bYtK0dYdS+UAwyH4vm5c=,P2BiRKduPaEB7IFXTKg1PAVEpVw=
-3,5,wAT3c53bYtK0dYdS+UAwyH4vm5c=,P2BiRKduPaEB7IFXTKg1PAVEpVw=
-16,6,wAT3c53bYtK0dYdS+UAwyH4vm5c=,P2BiRKduPaEB7IFXTKg1PAVEpVw=
-4,5,wAT3c53bYtK0dYdS+UAwyH4vm5c=,P2BiRKduPaEB7IFXTKg1PAVEpVw=
-2,5,wAT3c53bYtK0dYdS+UAwyH4vm5c=,P2BiRKduPaEB7IFXTKg1PAVEpVw=
-8,5,wAT3c53bYtK0dYdS+UAwyH4vm5c=,P2BiRKduPaEB7IFXTKg1PAVEpVw=
-5,5,wAT3c53bYtK0dYdS+UAwyH4vm5c=,P2BiRKduPaEB7IFXTKg1PAVEpVw=
-9,5,wAT3c53bYtK0dYdS+UAwyH4vm5c=,P2BiRKduPaEB7IFXTKg1PAVEpVw=
-10,5,wAT3c53bYtK0dYdS+UAwyH4vm5c=,P2BiRKduPaEB7IFXTKg1PAVEpVw=
-7,5,wAT3c53bYtK0dYdS+UAwyH4vm5c=,P2BiRKduPaEB7IFXTKg1PAVEpVw=
-13,7,wAT3c53bYtK0dYdS+UAwyH4vm5c=,P2BiRKduPaEB7IFXTKg1PAVEpVw=
-14,6,wAT3c53bYtK0dYdS+UAwyH4vm5c=,P2BiRKduPaEB7IFXTKg1PAVEpVw=
-6,5,wAT3c53bYtK0dYdS+UAwyH4vm5c=,P2BiRKduPaEB7IFXTKg1PAVEpVw=
-13,2,wAT3c53bYtK0dYdS+UAwyH4vm5c=,P2BiRKduPaEB7IFXTKg1PAVEpVw=
-13,5,wAT3c53bYtK0dYdS+UAwyH4vm5c=,P2BiRKduPaEB7IFXTKg1PAVEpVw=
-4,7,wAT3c53bYtK0dYdS+UAwyH4vm5c=,P2BiRKduPaEB7IFXTKg1PAVEpVw=
-15,5,wAT3c53bYtK0dYdS+UAwyH4vm5c=,P2BiRKduPaEB7IFXTKg1PAVEpVw=
-11,6,wAT3c53bYtK0dYdS+UAwyH4vm5c=,P2BiRKduPaEB7IFXTKg1PAVEpVw=
-10,0,wAT3c53bYtK0dYdS+UAwyH4vm5c=,P2BiRKduPaEB7IFXTKg1PAVEpVw=
-9,0,wAT3c53bYtK0dYdS+UAwyH4vm5c=,P2BiRKduPaEB7IFXTKg1PAVEpVw=
-16,5,wAT3c53bYtK0dYdS+UAwyH4vm5c=,P2BiRKduPaEB7IFXTKg1PAVEpVw=
-11,5,wAT3c53bYtK0dYdS+UAwyH4vm5c=,P2BiRKduPaEB7IFXTKg1PAVEpVw=
-2,4,wAT3c53bYtK0dYdS+UAwyH4vm5c=,P2BiRKduPaEB7IFXTKg1PAVEpVw=
-1,4,wAT3c53bYtK0dYdS+UAwyH4vm5c=,P2BiRKduPaEB7IFXTKg1PAVEpVw=
-3,4,wAT3c53bYtK0dYdS+UAwyH4vm5c=,P2BiRKduPaEB7IFXTKg1PAVEpVw=
-4,4,wAT3c53bYtK0dYdS+UAwyH4vm5c=,P2BiRKduPaEB7IFXTKg1PAVEpVw=
-5,4,wAT3c53bYtK0dYdS+UAwyH4vm5c=,P2BiRKduPaEB7IFXTKg1PAVEpVw=
-8,4,wAT3c53bYtK0dYdS+UAwyH4vm5c=,P2BiRKduPaEB7IFXTKg1PAVEpVw=
-7,4,wAT3c53bYtK0dYdS+UAwyH4vm5c=,P2BiRKduPaEB7IFXTKg1PAVEpVw=
-11,4,wAT3c53bYtK0dYdS+UAwyH4vm5c=,P2BiRKduPaEB7IFXTKg1PAVEpVw=
-6,4,wAT3c53bYtK0dYdS+UAwyH4vm5c=,P2BiRKduPaEB7IFXTKg1PAVEpVw=
-16,0,wAT3c53bYtK0dYdS+UAwyH4vm5c=,P2BiRKduPaEB7IFXTKg1PAVEpVw=
-14,5,wAT3c53bYtK0dYdS+UAwyH4vm5c=,P2BiRKduPaEB7IFXTKg1PAVEpVw=
-12,5,wAT3c53bYtK0dYdS+UAwyH4vm5c=,P2BiRKduPaEB7IFXTKg1PAVEpVw=
-11,0,wAT3c53bYtK0dYdS+UAwyH4vm5c=,P2BiRKduPaEB7IFXTKg1PAVEpVw=
-15,4,wAT3c53bYtK0dYdS+UAwyH4vm5c=,P2BiRKduPaEB7IFXTKg1PAVEpVw=
-14,2,wAT3c53bYtK0dYdS+UAwyH4vm5c=,P2BiRKduPaEB7IFXTKg1PAVEpVw=
-15,2,wAT3c53bYtK0dYdS+UAwyH4vm5c=,P2BiRKduPaEB7IFXTKg1PAVEpVw=
-16,4,wAT3c53bYtK0dYdS+UAwyH4vm5c=,P2BiRKduPaEB7IFXTKg1PAVEpVw=
-1,3,wAT3c53bYtK0dYdS+UAwyH4vm5c=,P2BiRKduPaEB7IFXTKg1PAVEpVw=
-2,3,wAT3c53bYtK0dYdS+UAwyH4vm5c=,P2BiRKduPaEB7IFXTKg1PAVEpVw=
-14,4,wAT3c53bYtK0dYdS+UAwyH4vm5c=,P2BiRKduPaEB7IFXTKg1PAVEpVw=
-3,3,wAT3c53bYtK0dYdS+UAwyH4vm5c=,P2BiRKduPaEB7IFXTKg1PAVEpVw=
-4,3,wAT3c53bYtK0dYdS+UAwyH4vm5c=,P2BiRKduPaEB7IFXTKg1PAVEpVw=
-5,3,wAT3c53bYtK0dYdS+UAwyH4vm5c=,P2BiRKduPaEB7IFXTKg1PAVEpVw=
-13,4,wAT3c53bYtK0dYdS+UAwyH4vm5c=,P2BiRKduPaEB7IFXTKg1PAVEpVw=
-6,3,wAT3c53bYtK0dYdS+UAwyH4vm5c=,P2BiRKduPaEB7IFXTKg1PAVEpVw=
-7,3,wAT3c53bYtK0dYdS+UAwyH4vm5c=,P2BiRKduPaEB7IFXTKg1PAVEpVw=
-11,3,wAT3c53bYtK0dYdS+UAwyH4vm5c=,P2BiRKduPaEB7IFXTKg1PAVEpVw=
-10,3,wAT3c53bYtK0dYdS+UAwyH4vm5c=,P2BiRKduPaEB7IFXTKg1PAVEpVw=
-12,3,wAT3c53bYtK0dYdS+UAwyH4vm5c=,P2BiRKduPaEB7IFXTKg1PAVEpVw=
-8,3,wAT3c53bYtK0dYdS+UAwyH4vm5c=,P2BiRKduPaEB7IFXTKg1PAVEpVw=
-16,2,wAT3c53bYtK0dYdS+UAwyH4vm5c=,P2BiRKduPaEB7IFXTKg1PAVEpVw=
-15,3,wAT3c53bYtK0dYdS+UAwyH4vm5c=,P2BiRKduPaEB7IFXTKg1PAVEpVw=
-14,3,wAT3c53bYtK0dYdS+UAwyH4vm5c=,P2BiRKduPaEB7IFXTKg1PAVEpVw=
-9,3,wAT3c53bYtK0dYdS+UAwyH4vm5c=,P2BiRKduPaEB7IFXTKg1PAVEpVw=
-5,7,wAT3c53bYtK0dYdS+UAwyH4vm5c=,P2BiRKduPaEB7IFXTKg1PAVEpVw=
-10,4,wAT3c53bYtK0dYdS+UAwyH4vm5c=,P2BiRKduPaEB7IFXTKg1PAVEpVw=
-16,3,wAT3c53bYtK0dYdS+UAwyH4vm5c=,P2BiRKduPaEB7IFXTKg1PAVEpVw=
-1,2,wAT3c53bYtK0dYdS+UAwyH4vm5c=,P2BiRKduPaEB7IFXTKg1PAVEpVw=
-13,3,wAT3c53bYtK0dYdS+UAwyH4vm5c=,P2BiRKduPaEB7IFXTKg1PAVEpVw=
-9,4,wAT3c53bYtK0dYdS+UAwyH4vm5c=,P2BiRKduPaEB7IFXTKg1PAVEpVw=
-12,0,wAT3c53bYtK0dYdS+UAwyH4vm5c=,P2BiRKduPaEB7IFXTKg1PAVEpVw=
-12,4,wAT3c53bYtK0dYdS+UAwyH4vm5c=,P2BiRKduPaEB7IFXTKg1PAVEpVw=
