-10,-1,bYBwrMlxjJzdrZ54uTL79x/K97o=,P2BiRKduPaEB7IFXTKg1PAVEpVw=
-12,-5,bYBwrMlxjJzdrZ54uTL79x/K97o=,P2BiRKduPaEB7IFXTKg1PAVEpVw=
-2,-4,VtjmrV63qYNuPg+9nXAHKD47r+Q=,P2BiRKduPaEB7IFXTKg1PAVEpVw=
-12,-1,VtjmrV63qYNuPg+9nXAHKD47r+Q=,P2BiRKduPaEB7IFXTKg1PAVEpVw=
-13,-5,VtjmrV63qYNuPg+9nXAHKD47r+Q=,P2BiRKduPaEB7IFXTKg1PAVEpVw=
-11,-1,VtjmrV63qYNuPg+9nXAHKD47r+Q=,P2BiRKduPaEB7IFXTKg1PAVEpVw=
-13,-1,VtjmrV63qYNuPg+9nXAHKD47r+Q=,P2BiRKduPaEB7IFXTKg1PAVEpVw=
-1,-4,VtjmrV63qYNuPg+9nXAHKD47r+Q=,P2BiRKduPaEB7IFXTKg1PAVEpVw=
-3,-4,VtjmrV63qYNuPg+9nXAHKD47r+Q=,P2BiRKduPaEB7IFXTKg1PAVEpVw=
-5,-3,VtjmrV63qYNuPg+9nXAHKD47r+Q=,P2BiRKduPaEB7IFXTKg1PAVEpVw=
-11,-5,VtjmrV63qYNuPg+9nXAHKD47r+Q=,P2BiRKduPaEB7IFXTKg1PAVEpVw=
-14,-5,VtjmrV63qYNuPg+9nXAHKD47r+Q=,P2BiRKduPaEB7IFXTKg1PAVEpVw=
-4,-4,VtjmrV63qYNuPg+9nXAHKD47r+Q=,P2BiRKduPaEB7IFXTKg1PAVEpVw=
-8,-3,VtjmrV63qYNuPg+9nXAHKD47r+Q=,P2BiRKduPaEB7IFXTKg1PAVEpVw=
-1,-7,VtjmrV63qYNuPg+9nXAHKD47r+Q=,P2BiRKduPaEB7IFXTKg1PAVEpVw=
-6,-3,VtjmrV63qYNuPg+9nXAHKD47r+Q=,P2BiRKduPaEB7IFXTKg1PAVEpVw=
-9,-1,VtjmrV63qYNuPg+9nXAHKD47r+Q=,P2BiRKduPaEB7IFXTKg1PAVEpVw=
-14,-1,VtjmrV63qYNuPg+9nXAHKD47r+Q=,P2BiRKduPaEB7IFXTKg1PAVEpVw=
-10,-5,VtjmrV63qYNuPg+9nXAHKD47r+Q=,P2BiRKduPaEB7IFXTKg1PAVEpVw=
-2,-7,VtjmrV63qYNuPg+9nXAHKD47r+Q=,P2BiRKduPaEB7IFXTKg1PAVEpVw=
-2,-5,VtjmrV63qYNuPg+9nXAHKD47r+Q=,P2BiRKduPaEB7IFXTKg1PAVEpVw=
-5,-4,VtjmrV63qYNuPg+9nXAHKD47r+Q=,P2BiRKduPaEB7IFXTKg1PAVEpVw=
-15,-5,VtjmrV63qYNuPg+9nXAHKD47r+Q=,P2BiRKduPaEB7IFXTKg1PAVEpVw=
-6,-4,VtjmrV63qYNuPg+9nXAHKD47r+Q=,P2BiRKduPaEB7IFXTKg1PAVEpVw=
-16,-5,VtjmrV63qYNuPg+9nXAHKD47r+Q=,P2BiRKduPaEB7IFXTKg1PAVEpVw=
-16,-4,VtjmrV63qYNuPg+9nXAHKD47r+Q=,P2BiRKduPaEB7IFXTKg1PAVEpVw=
-8,-6,VtjmrV63qYNuPg+9nXAHKD47r+Q=,P2BiRKduPaEB7IFXTKg1PAVEpVw=
-15,-1,VtjmrV63qYNuPg+9nXAHKD47r+Q=,P2BiRKduPaEB7IFXTKg1PAVEpVw=
-7,-3,VtjmrV63qYNuPg+9nXAHKD47r+Q=,P2BiRKduPaEB7IFXTKg1PAVEpVw=
-10,-6,VtjmrV63qYNuPg+9nXAHKD47r+Q=,P2BiRKduPaEB7IFXTKg1PAVEpVw=
-11,-6,VtjmrV63qYNuPg+9nXAHKD47r+Q=,P2BiRKduPaEB7IFXTKg1PAVEpVw=
-16,-8,VtjmrV63qYNuPg+9nXAHKD47r+Q=,P2BiRKduPaEB7IFXTKg1PAVEpVw=
-7,-7,VtjmrV63qYNuPg+9nXAHKD47r+Q=,P2BiRKduPaEB7IFXTKg1PAVEpVw=
-7,-6,VtjmrV63qYNuPg+9nXAHKD47r+Q=,P2BiRKduPaEB7IFXTKg1PAVEpVw=
-16,-1,VtjmrV63qYNuPg+9nXAHKD47r+Q=,P2BiRKduPaEB7IFXTKg1PAVEpVw=
-13,-6,VtjmrV63qYNuPg+9nXAHKD47r+Q=,P2BiRKduPaEB7IFXTKg1PAVEpVw=
-12,-6,VtjmrV63qYNuPg+9nXAHKD47r+Q=,P2BiRKduPaEB7IFXTKg1PAVEpVw=
-9,-6,VtjmrV63qYNuPg+9nXAHKD47r+Q=,P2BiRKduPaEB7IFXTKg1PAVEpVw=
-15,-4,VtjmrV63qYNuPg+9nXAHKD47r+Q=,P2BiRKduPaEB7IFXTKg1PAVEpVw=
-6,-6,VtjmrV63qYNuPg+9nXAHKD47r+Q=,P2BiRKduPaEB7IFXTKg1PAVEpVw=
-3,-5,VtjmrV63qYNuPg+9nXAHKD47r+Q=,P2BiRKduPaEB7IFXTKg1PAVEpVw=
-3,-7,VtjmrV63qYNuPg+9nXAHKD47r+Q=,P2BiRKduPaEB7IFXTKg1PAVEpVw=
-14,-6,VtjmrV63qYNuPg+9nXAHKD47r+Q=,P2BiRKduPaEB7IFXTKg1PAVEpVw=
-9,-2,VtjmrV63qYNuPg+9nXAHKD47r+Q=,P2BiRKduPaEB7IFXTKg1PAVEpVw=
-5,-6,VtjmrV63qYNuPg+9nXAHKD47r+Q=,P2BiRKduPaEB7IFXTKg1PAVEpVw=
-15,-8,VtjmrV63qYNuPg+9nXAHKD47r+Q=,P2BiRKduPaEB7IFXTKg1PAVEpVw=
-9,-3,VtjmrV63qYNuPg+9nXAHKD47r+Q=,P2BiRKduPaEB7IFXTKg1PAVEpVw=
-4,-7,VtjmrV63qYNuPg+9nXAHKD47r+Q=,P2BiRKduPaEB7IFXTKg1PAVEpVw=
-10,-2,VtjmrV63qYNuPg+9nXAHKD47r+Q=,P2BiRKduPaEB7IFXTKg1PAVEpVw=
-5,-7,VtjmrV63qYNuPg+9nXAHKD47r+Q=,P2BiRKduPaEB7IFXTKg1PAVEpVw=
-14,-8,VtjmrV63qYNuPg+9nXAHKD47r+Q=,P2BiRKduPaEB7IFXTKg1PAVEpVw=
-8,-7,VtjmrV63qYNuPg+9nXAHKD47r+Q=,P2BiRKduPaEB7IFXTKg1PAVEpVw=
-9,-7,VtjmrV63qYNuPg+9nXAHKD47r+Q=,P2BiRKduPaEB7IFXTKg1PAVEpVw=
-1,-6,VtjmrV63qYNuPg+9nXAHKD47r+Q=,P2BiRKduPaEB7IFXTKg1PAVEpVw=
-5,-5,VtjmrV63qYNuPg+9nXAHKD47r+Q=,P2BiRKduPaEB7IFXTKg1PAVEpVw=
-6,-5,VtjmrV63qYNuPg+9nXAHKD47r+Q=,P2BiRKduPaEB7IFXTKg1PAVEpVw=
-4,-6,VtjmrV63qYNuPg+9nXAHKD47r+Q=,P2BiRKduPaEB7IFXTKg1PAVEpVw=
-6,-8,VtjmrV63qYNuPg+9nXAHKD47r+Q=,P2BiRKduPaEB7IFXTKg1PAVEpVw=
-7,-5,VtjmrV63qYNuPg+9nXAHKD47r+Q=,P2BiRKduPaEB7IFXTKg1PAVEpVw=
-8,-4,VtjmrV63qYNuPg+9nXAHKD47r+Q=,P2BiRKduPaEB7IFXTKg1PAVEpVw=
-7,-4,VtjmrV63qYNuPg+9nXAHKD47r+Q=,P2BiRKduPaEB7IFXTKg1PAVEpVw=
-3,-6,VtjmrV63qYNuPg+9nXAHKD47r+Q=,P2BiRKduPaEB7IFXTKg1PAVEpVw=
-1,-5,VtjmrV63qYNuPg+9nXAHKD47r+Q=,P2BiRKduPaEB7IFXTKg1PAVEpVw=
-15,-6,VtjmrV63qYNuPg+9nXAHKD47r+Q=,P2BiRKduPaEB7IFXTKg1PAVEpVw=
-2,-6,VtjmrV63qYNuPg+9nXAHKD47r+Q=,P2BiRKduPaEB7IFXTKg1PAVEpVw=
-12,-2,VtjmrV63qYNuPg+9nXAHKD47r+Q=,P2BiRKduPaEB7IFXTKg1PAVEpVw=
-8,-5,VtjmrV63qYNuPg+9nXAHKD47r+Q=,P2BiRKduPaEB7IFXTKg1PAVEpVw=
-13,-2,VtjmrV63qYNuPg+9nXAHKD47r+Q=,P2BiRKduPaEB7IFXTKg1PAVEpVw=
-13,-8,VtjmrV63qYNuPg+9nXAHKD47r+Q=,P2BiRKduPaEB7IFXTKg1PAVEpVw=
-8,-8,VtjmrV63qYNuPg+9nXAHKD47r+Q=,P2BiRKduPaEB7IFXTKg1PAVEpVw=
-9,-4,VtjmrV63qYNuPg+9nXAHKD47r+Q=,P2BiRKduPaEB7IFXTKg1PAVEpVw=
-14,-2,VtjmrV63qYNuPg+9nXAHKD47r+Q=,P2BiRKduPaEB7IFXTKg1PAVEpVw=
-15,-2,VtjmrV63qYNuPg+9nXAHKD47r+Q=,P2BiRKduPaEB7IFXTKg1PAVEpVw=
-4,-3,VtjmrV63qYNuPg+9nXAHKD47r+Q=,P2BiRKduPaEB7IFXTKg1PAVEpVw=
-1,-8,VtjmrV63qYNuPg+9nXAHKD47r+Q=,P2BiRKduPaEB7IFXTKg1PAVEpVw=
-12,-8,VtjmrV63qYNuPg+9nXAHKD47r+Q=,P2BiRKduPaEB7IFXTKg1PAVEpVw=
-11,-8,VtjmrV63qYNuPg+9nXAHKD47r+Q=,P2BiRKduPaEB7IFXTKg1PAVEpVw=
-4,-5,VtjmrV63qYNuPg+9nXAHKD47r+Q=,P2BiRKduPaEB7IFXTKg1PAVEpVw=
-3,-3,VtjmrV63qYNuPg+9nXAHKD47r+Q=,P2BiRKduPaEB7IFXTKg1PAVEpVw=
-16,-2,VtjmrV63qYNuPg+9nXAHKD47r+Q=,P2BiRKduPaEB7IFXTKg1PAVEpVw=
-11,-2,VtjmrV63qYNuPg+9nXAHKD47r+Q=,P2BiRKduPaEB7IFXTKg1PAVEpVw=
-10,-3,VtjmrV63qYNuPg+9nXAHKD47r+Q=,P2BiRKduPaEB7IFXTKg1PAVEpVw=
-10,-8,VtjmrV63qYNuPg+9nXAHKD47r+Q=,P2BiRKduPaEB7IFXTKg1PAVEpVw=
-2,-3,VtjmrV63qYNuPg+9nXAHKD47r+Q=,P2BiRKduPaEB7IFXTKg1PAVEpVw=
-5,-8,VtjmrV63qYNuPg+9nXAHKD47r+Q=,P2BiRKduPaEB7IFXTKg1PAVEpVw=
-9,-8,VtjmrV63qYNuPg+9nXAHKD47r+Q=,P2BiRKduPaEB7IFXTKg1PAVEpVw=
-11,-3,VtjmrV63qYNuPg+9nXAHKD47r+Q=,P2BiRKduPaEB7IFXTKg1PAVEpVw=
-2,-8,VtjmrV63qYNuPg+9nXAHKD47r+Q=,P2BiRKduPaEB7IFXTKg1PAVEpVw=
-1,-3,VtjmrV63qYNuPg+9nXAHKD47r+Q=,P2BiRKduPaEB7IFXTKg1PAVEpVw=
-16,-7,VtjmrV63qYNuPg+9nXAHKD47r+Q=,P2BiRKduPaEB7IFXTKg1PAVEpVw=
-1,-1,VtjmrV63qYNuPg+9nXAHKD47r+Q=,P2BiRKduPaEB7IFXTKg1PAVEpVw=
-14,-3,VtjmrV63qYNuPg+9nXAHKD47r+Q=,P2BiRKduPaEB7IFXTKg1PAVEpVw=
-13,-3,VtjmrV63qYNuPg+9nXAHKD47r+Q=,P2BiRKduPaEB7IFXTKg1PAVEpVw=
-2,-1,VtjmrV63qYNuPg+9nXAHKD47r+Q=,P2BiRKduPaEB7IFXTKg1PAVEpVw=
-8,-2,VtjmrV63qYNuPg+9nXAHKD47r+Q=,P2BiRKduPaEB7IFXTKg1PAVEpVw=
-15,-7,VtjmrV63qYNuPg+9nXAHKD47r+Q=,P2BiRKduPaEB7IFXTKg1PAVEpVw=
-3,-1,VtjmrV63qYNuPg+9nXAHKD47r+Q=,P2BiRKduPaEB7IFXTKg1PAVEpVw=
-16,-6,VtjmrV63qYNuPg+9nXAHKD47r+Q=,P2BiRKduPaEB7IFXTKg1PAVEpVw=
-4,-1,VtjmrV63qYNuPg+9nXAHKD47r+Q=,P2BiRKduPaEB7IFXTKg1PAVEpVw=
-5,-1,VtjmrV63qYNuPg+9nXAHKD47r+Q=,P2BiRKduPaEB7IFXTKg1PAVEpVw=
-7,-2,VtjmrV63qYNuPg+9nXAHKD47r+Q=,P2BiRKduPaEB7IFXTKg1PAVEpVw=
-14,-7,VtjmrV63qYNuPg+9nXAHKD47r+Q=,P2BiRKduPaEB7IFXTKg1PAVEpVw=
-15,-3,VtjmrV63qYNuPg+9nXAHKD47r+Q=,P2BiRKduPaEB7IFXTKg1PAVEpVw=
-16,-3,VtjmrV63qYNuPg+9nXAHKD47r+Q=,P2BiRKduPaEB7IFXTKg1PAVEpVw=
-10,-4,VtjmrV63qYNuPg+9nXAHKD47r+Q=,P2BiRKduPaEB7IFXTKg1PAVEpVw=
-10,-7,VtjmrV63qYNuPg+9nXAHKD47r+Q=,P2BiRKduPaEB7IFXTKg1PAVEpVw=
-6,-2,VtjmrV63qYNuPg+9nXAHKD47r+Q=,P2BiRKduPaEB7IFXTKg1PAVEpVw=
-13,-7,VtjmrV63qYNuPg+9nXAHKD47r+Q=,P2BiRKduPaEB7IFXTKg1PAVEpVw=
-4,-8,VtjmrV63qYNuPg+9nXAHKD47r+Q=,P2BiRKduPaEB7IFXTKg1PAVEpVw=
-3,-8,VtjmrV63qYNuPg+9nXAHKD47r+Q=,P2BiRKduPaEB7IFXTKg1PAVEpVw=
-11,-4,VtjmrV63qYNuPg+9nXAHKD47r+Q=,P2BiRKduPaEB7IFXTKg1PAVEpVw=
-12,-7,VtjmrV63qYNuPg+9nXAHKD47r+Q=,P2BiRKduPaEB7IFXTKg1PAVEpVw=
-5,-2,VtjmrV63qYNuPg+9nXAHKD47r+Q=,P2BiRKduPaEB7IFXTKg1PAVEpVw=
-8,-1,VtjmrV63qYNuPg+9nXAHKD47r+Q=,P2BiRKduPaEB7IFXTKg1PAVEpVw=
-1,-2,VtjmrV63qYNuPg+9nXAHKD47r+Q=,P2BiRKduPaEB7IFXTKg1PAVEpVw=
-2,-2,VtjmrV63qYNuPg+9nXAHKD47r+Q=,P2BiRKduPaEB7IFXTKg1PAVEpVw=
-9,-5,VtjmrV63qYNuPg+9nXAHKD47r+Q=,P2BiRKduPaEB7IFXTKg1PAVEpVw=
-12,-4,VtjmrV63qYNuPg+9nXAHKD47r+Q=,P2BiRKduPaEB7IFXTKg1PAVEpVw=
-12,-3,VtjmrV63qYNuPg+9nXAHKD47r+Q=,P2BiRKduPaEB7IFXTKg1PAVEpVw=
-11,-7,VtjmrV63qYNuPg+9nXAHKD47r+Q=,P2BiRKduPaEB7IFXTKg1PAVEpVw=
-7,-1,VtjmrV63qYNuPg+9nXAHKD47r+Q=,P2BiRKduPaEB7IFXTKg1PAVEpVw=
-13,-4,VtjmrV63qYNuPg+9nXAHKD47r+Q=,P2BiRKduPaEB7IFXTKg1PAVEpVw=
-3,-2,VtjmrV63qYNuPg+9nXAHKD47r+Q=,P2BiRKduPaEB7IFXTKg1PAVEpVw=
-4,-2,VtjmrV63qYNuPg+9nXAHKD47r+Q=,P2BiRKduPaEB7IFXTKg1PAVEpVw=
-14,-4,VtjmrV63qYNuPg+9nXAHKD47r+Q=,P2BiRKduPaEB7IFXTKg1PAVEpVw=
-6,-7,VtjmrV63qYNuPg+9nXAHKD47r+Q=,P2BiRKduPaEB7IFXTKg1PAVEpVw=
-7,-8,VtjmrV63qYNuPg+9nXAHKD47r+Q=,P2BiRKduPaEB7IFXTKg1PAVEpVw=
-6,-1,VtjmrV63qYNuPg+9nXAHKD47r+Q=,P2BiRKduPaEB7IFXTKg1PAVEpVw=
-28,-5,VtjmrV63qYNuPg+9nXAHKD47r+Q=,P2BiRKduPaEB7IFXTKg1PAVEpVw=
-27,-5,VtjmrV63qYNuPg+9nXAHKD47r+Q=,P2BiRKduPaEB7IFXTKg1PAVEpVw=
-26,-1,VtjmrV63qYNuPg+9nXAHKD47r+Q=,P2BiRKduPaEB7IFXTKg1PAVEpVw=
-27,-1,VtjmrV63qYNuPg+9nXAHKD47r+Q=,P2BiRKduPaEB7IFXTKg1PAVEpVw=
-28,-1,VtjmrV63qYNuPg+9nXAHKD47r+Q=,P2BiRKduPaEB7IFXTKg1PAVEpVw=
-29,-1,VtjmrV63qYNuPg+9nXAHKD47r+Q=,P2BiRKduPaEB7IFXTKg1PAVEpVw=
-30,-1,VtjmrV63qYNuPg+9nXAHKD47r+Q=,P2BiRKduPaEB7IFXTKg1PAVEpVw=
-31,-1,VtjmrV63qYNuPg+9nXAHKD47r+Q=,P2BiRKduPaEB7IFXTKg1PAVEpVw=
-32,-1,VtjmrV63qYNuPg+9nXAHKD47r+Q=,P2BiRKduPaEB7IFXTKg1PAVEpVw=
-29,-5,VtjmrV63qYNuPg+9nXAHKD47r+Q=,P2BiRKduPaEB7IFXTKg1PAVEpVw=
-32,-5,VtjmrV63qYNuPg+9nXAHKD47r+Q=,P2BiRKduPaEB7IFXTKg1PAVEpVw=
-31,-5,VtjmrV63qYNuPg+9nXAHKD47r+Q=,P2BiRKduPaEB7IFXTKg1PAVEpVw=
-30,-5,VtjmrV63qYNuPg+9nXAHKD47r+Q=,P2BiRKduPaEB7IFXTKg1PAVEpVw=
-27,-2,VtjmrV63qYNuPg+9nXAHKD47r+Q=,P2BiRKduPaEB7IFXTKg1PAVEpVw=
-26,-2,VtjmrV63qYNuPg+9nXAHKD47r+Q=,P2BiRKduPaEB7IFXTKg1PAVEpVw=
-27,-6,VtjmrV63qYNuPg+9nXAHKD47r+Q=,P2BiRKduPaEB7IFXTKg1PAVEpVw=
-26,-6,VtjmrV63qYNuPg+9nXAHKD47r+Q=,P2BiRKduPaEB7IFXTKg1PAVEpVw=
-28,-6,VtjmrV63qYNuPg+9nXAHKD47r+Q=,P2BiRKduPaEB7IFXTKg1PAVEpVw=
-29,-6,VtjmrV63qYNuPg+9nXAHKD47r+Q=,P2BiRKduPaEB7IFXTKg1PAVEpVw=
-30,-6,VtjmrV63qYNuPg+9nXAHKD47r+Q=,P2BiRKduPaEB7IFXTKg1PAVEpVw=
-31,-6,VtjmrV63qYNuPg+9nXAHKD47r+Q=,P2BiRKduPaEB7IFXTKg1PAVEpVw=
-32,-6,VtjmrV63qYNuPg+9nXAHKD47r+Q=,P2BiRKduPaEB7IFXTKg1PAVEpVw=
-28,-2,VtjmrV63qYNuPg+9nXAHKD47r+Q=,P2BiRKduPaEB7IFXTKg1PAVEpVw=
-27,-7,VtjmrV63qYNuPg+9nXAHKD47r+Q=,P2BiRKduPaEB7IFXTKg1PAVEpVw=
-26,-7,VtjmrV63qYNuPg+9nXAHKD47r+Q=,P2BiRKduPaEB7IFXTKg1PAVEpVw=
-28,-7,VtjmrV63qYNuPg+9nXAHKD47r+Q=,P2BiRKduPaEB7IFXTKg1PAVEpVw=
-29,-7,VtjmrV63qYNuPg+9nXAHKD47r+Q=,P2BiRKduPaEB7IFXTKg1PAVEpVw=
-30,-7,VtjmrV63qYNuPg+9nXAHKD47r+Q=,P2BiRKduPaEB7IFXTKg1PAVEpVw=
-31,-7,VtjmrV63qYNuPg+9nXAHKD47r+Q=,P2BiRKduPaEB7IFXTKg1PAVEpVw=
-29,-2,VtjmrV63qYNuPg+9nXAHKD47r+Q=,P2BiRKduPaEB7IFXTKg1PAVEpVw=
-32,-7,VtjmrV63qYNuPg+9nXAHKD47r+Q=,P2BiRKduPaEB7IFXTKg1PAVEpVw=
-26,-8,VtjmrV63qYNuPg+9nXAHKD47r+Q=,P2BiRKduPaEB7IFXTKg1PAVEpVw=
-28,-8,VtjmrV63qYNuPg+9nXAHKD47r+Q=,P2BiRKduPaEB7IFXTKg1PAVEpVw=
-27,-8,VtjmrV63qYNuPg+9nXAHKD47r+Q=,P2BiRKduPaEB7IFXTKg1PAVEpVw=
-30,-2,VtjmrV63qYNuPg+9nXAHKD47r+Q=,P2BiRKduPaEB7IFXTKg1PAVEpVw=
-29,-8,VtjmrV63qYNuPg+9nXAHKD47r+Q=,P2BiRKduPaEB7IFXTKg1PAVEpVw=
-32,-2,VtjmrV63qYNuPg+9nXAHKD47r+Q=,P2BiRKduPaEB7IFXTKg1PAVEpVw=
-31,-2,VtjmrV63qYNuPg+9nXAHKD47r+Q=,P2BiRKduPaEB7IFXTKg1PAVEpVw=
-30,-8,VtjmrV63qYNuPg+9nXAHKD47r+Q=,P2BiRKduPaEB7IFXTKg1PAVEpVw=
-31,-8,VtjmrV63qYNuPg+9nXAHKD47r+Q=,P2BiRKduPaEB7IFXTKg1PAVEpVw=
-26,-3,VtjmrV63qYNuPg+9nXAHKD47r+Q=,P2BiRKduPaEB7IFXTKg1PAVEpVw=
-32,-8,VtjmrV63qYNuPg+9nXAHKD47r+Q=,P2BiRKduPaEB7IFXTKg1PAVEpVw=
-27,-3,VtjmrV63qYNuPg+9nXAHKD47r+Q=,P2BiRKduPaEB7IFXTKg1PAVEpVw=
-30,-3,VtjmrV63qYNuPg+9nXAHKD47r+Q=,P2BiRKduPaEB7IFXTKg1PAVEpVw=
-28,-3,VtjmrV63qYNuPg+9nXAHKD47r+Q=,P2BiRKduPaEB7IFXTKg1PAVEpVw=
-31,-3,VtjmrV63qYNuPg+9nXAHKD47r+Q=,P2BiRKduPaEB7IFXTKg1PAVEpVw=
-32,-3,VtjmrV63qYNuPg+9nXAHKD47r+Q=,P2BiRKduPaEB7IFXTKg1PAVEpVw=
-29,-3,VtjmrV63qYNuPg+9nXAHKD47r+Q=,P2BiRKduPaEB7IFXTKg1PAVEpVw=
-26,-4,VtjmrV63qYNuPg+9nXAHKD47r+Q=,P2BiRKduPaEB7IFXTKg1PAVEpVw=
-27,-4,VtjmrV63qYNuPg+9nXAHKD47r+Q=,P2BiRKduPaEB7IFXTKg1PAVEpVw=
-28,-4,VtjmrV63qYNuPg+9nXAHKD47r+Q=,P2BiRKduPaEB7IFXTKg1PAVEpVw=
-31,-4,VtjmrV63qYNuPg+9nXAHKD47r+Q=,P2BiRKduPaEB7IFXTKg1PAVEpVw=
-30,-4,VtjmrV63qYNuPg+9nXAHKD47r+Q=,P2BiRKduPaEB7IFXTKg1PAVEpVw=
-32,-4,VtjmrV63qYNuPg+9nXAHKD47r+Q=,P2BiRKduPaEB7IFXTKg1PAVEpVw=
-29,-4,VtjmrV63qYNuPg+9nXAHKD47r+Q=,P2BiRKduPaEB7IFXTKg1PAVEpVw=
-26,-5,VtjmrV63qYNuPg+9nXAHKD47r+Q=,P2BiRKduPaEB7IFXTKg1PAVEpVw=
-20,-3,VtjmrV63qYNuPg+9nXAHKD47r+Q=,P2BiRKduPaEB7IFXTKg1PAVEpVw=
-22,-7,VtjmrV63qYNuPg+9nXAHKD47r+Q=,P2BiRKduPaEB7IFXTKg1PAVEpVw=
-25,-1,VtjmrV63qYNuPg+9nXAHKD47r+Q=,P2BiRKduPaEB7IFXTKg1PAVEpVw=
-19,-3,VtjmrV63qYNuPg+9nXAHKD47r+Q=,P2BiRKduPaEB7IFXTKg1PAVEpVw=
-19,-4,VtjmrV63qYNuPg+9nXAHKD47r+Q=,P2BiRKduPaEB7IFXTKg1PAVEpVw=
-17,-7,VtjmrV63qYNuPg+9nXAHKD47r+Q=,P2BiRKduPaEB7IFXTKg1PAVEpVw=
-21,-3,VtjmrV63qYNuPg+9nXAHKD47r+Q=,P2BiRKduPaEB7IFXTKg1PAVEpVw=
-18,-3,VtjmrV63qYNuPg+9nXAHKD47r+Q=,P2BiRKduPaEB7IFXTKg1PAVEpVw=
-22,-3,VtjmrV63qYNuPg+9nXAHKD47r+Q=,P2BiRKduPaEB7IFXTKg1PAVEpVw=
-25,-5,VtjmrV63qYNuPg+9nXAHKD47r+Q=,P2BiRKduPaEB7IFXTKg1PAVEpVw=
-23,-3,VtjmrV63qYNuPg+9nXAHKD47r+Q=,P2BiRKduPaEB7IFXTKg1PAVEpVw=
-24,-3,VtjmrV63qYNuPg+9nXAHKD47r+Q=,P2BiRKduPaEB7IFXTKg1PAVEpVw=
-25,-2,VtjmrV63qYNuPg+9nXAHKD47r+Q=,P2BiRKduPaEB7IFXTKg1PAVEpVw=
-17,-3,VtjmrV63qYNuPg+9nXAHKD47r+Q=,P2BiRKduPaEB7IFXTKg1PAVEpVw=
-23,-7,VtjmrV63qYNuPg+9nXAHKD47r+Q=,P2BiRKduPaEB7IFXTKg1PAVEpVw=
-17,-4,VtjmrV63qYNuPg+9nXAHKD47r+Q=,P2BiRKduPaEB7IFXTKg1PAVEpVw=
-25,-6,VtjmrV63qYNuPg+9nXAHKD47r+Q=,P2BiRKduPaEB7IFXTKg1PAVEpVw=
-24,-6,VtjmrV63qYNuPg+9nXAHKD47r+Q=,P2BiRKduPaEB7IFXTKg1PAVEpVw=
-21,-8,VtjmrV63qYNuPg+9nXAHKD47r+Q=,P2BiRKduPaEB7IFXTKg1PAVEpVw=
-19,-5,VtjmrV63qYNuPg+9nXAHKD47r+Q=,P2BiRKduPaEB7IFXTKg1PAVEpVw=
-24,-2,VtjmrV63qYNuPg+9nXAHKD47r+Q=,P2BiRKduPaEB7IFXTKg1PAVEpVw=
-25,-7,VtjmrV63qYNuPg+9nXAHKD47r+Q=,P2BiRKduPaEB7IFXTKg1PAVEpVw=
-24,-7,VtjmrV63qYNuPg+9nXAHKD47r+Q=,P2BiRKduPaEB7IFXTKg1PAVEpVw=
-18,-7,VtjmrV63qYNuPg+9nXAHKD47r+Q=,P2BiRKduPaEB7IFXTKg1PAVEpVw=
-17,-8,VtjmrV63qYNuPg+9nXAHKD47r+Q=,P2BiRKduPaEB7IFXTKg1PAVEpVw=
-18,-8,VtjmrV63qYNuPg+9nXAHKD47r+Q=,P2BiRKduPaEB7IFXTKg1PAVEpVw=
-21,-7,VtjmrV63qYNuPg+9nXAHKD47r+Q=,P2BiRKduPaEB7IFXTKg1PAVEpVw=
-25,-8,VtjmrV63qYNuPg+9nXAHKD47r+Q=,P2BiRKduPaEB7IFXTKg1PAVEpVw=
-20,-5,VtjmrV63qYNuPg+9nXAHKD47r+Q=,P2BiRKduPaEB7IFXTKg1PAVEpVw=
-19,-7,VtjmrV63qYNuPg+9nXAHKD47r+Q=,P2BiRKduPaEB7IFXTKg1PAVEpVw=
-23,-2,VtjmrV63qYNuPg+9nXAHKD47r+Q=,P2BiRKduPaEB7IFXTKg1PAVEpVw=
-25,-3,VtjmrV63qYNuPg+9nXAHKD47r+Q=,P2BiRKduPaEB7IFXTKg1PAVEpVw=
-17,-1,VtjmrV63qYNuPg+9nXAHKD47r+Q=,P2BiRKduPaEB7IFXTKg1PAVEpVw=
-25,-4,VtjmrV63qYNuPg+9nXAHKD47r+Q=,P2BiRKduPaEB7IFXTKg1PAVEpVw=
-18,-1,VtjmrV63qYNuPg+9nXAHKD47r+Q=,P2BiRKduPaEB7IFXTKg1PAVEpVw=
-19,-1,VtjmrV63qYNuPg+9nXAHKD47r+Q=,P2BiRKduPaEB7IFXTKg1PAVEpVw=
-20,-1,VtjmrV63qYNuPg+9nXAHKD47r+Q=,P2BiRKduPaEB7IFXTKg1PAVEpVw=
-24,-5,VtjmrV63qYNuPg+9nXAHKD47r+Q=,P2BiRKduPaEB7IFXTKg1PAVEpVw=
-18,-4,VtjmrV63qYNuPg+9nXAHKD47r+Q=,P2BiRKduPaEB7IFXTKg1PAVEpVw=
-21,-1,VtjmrV63qYNuPg+9nXAHKD47r+Q=,P2BiRKduPaEB7IFXTKg1PAVEpVw=
-22,-1,VtjmrV63qYNuPg+9nXAHKD47r+Q=,P2BiRKduPaEB7IFXTKg1PAVEpVw=
-22,-2,VtjmrV63qYNuPg+9nXAHKD47r+Q=,P2BiRKduPaEB7IFXTKg1PAVEpVw=
-23,-1,VtjmrV63qYNuPg+9nXAHKD47r+Q=,P2BiRKduPaEB7IFXTKg1PAVEpVw=
-21,-5,VtjmrV63qYNuPg+9nXAHKD47r+Q=,P2BiRKduPaEB7IFXTKg1PAVEpVw=
-20,-7,VtjmrV63qYNuPg+9nXAHKD47r+Q=,P2BiRKduPaEB7IFXTKg1PAVEpVw=
-24,-1,VtjmrV63qYNuPg+9nXAHKD47r+Q=,P2BiRKduPaEB7IFXTKg1PAVEpVw=
-17,-2,VtjmrV63qYNuPg+9nXAHKD47r+Q=,P2BiRKduPaEB7IFXTKg1PAVEpVw=
-18,-2,VtjmrV63qYNuPg+9nXAHKD47r+Q=,P2BiRKduPaEB7IFXTKg1PAVEpVw=
-18,-5,VtjmrV63qYNuPg+9nXAHKD47r+Q=,P2BiRKduPaEB7IFXTKg1PAVEpVw=
-19,-2,VtjmrV63qYNuPg+9nXAHKD47r+Q=,P2BiRKduPaEB7IFXTKg1PAVEpVw=
-19,-8,VtjmrV63qYNuPg+9nXAHKD47r+Q=,P2BiRKduPaEB7IFXTKg1PAVEpVw=
-17,-6,VtjmrV63qYNuPg+9nXAHKD47r+Q=,P2BiRKduPaEB7IFXTKg1PAVEpVw=
-18,-6,VtjmrV63qYNuPg+9nXAHKD47r+Q=,P2BiRKduPaEB7IFXTKg1PAVEpVw=
-20,-2,VtjmrV63qYNuPg+9nXAHKD47r+Q=,P2BiRKduPaEB7IFXTKg1PAVEpVw=
-19,-6,VtjmrV63qYNuPg+9nXAHKD47r+Q=,P2BiRKduPaEB7IFXTKg1PAVEpVw=
-17,-5,VtjmrV63qYNuPg+9nXAHKD47r+Q=,P2BiRKduPaEB7IFXTKg1PAVEpVw=
-22,-8,VtjmrV63qYNuPg+9nXAHKD47r+Q=,P2BiRKduPaEB7IFXTKg1PAVEpVw=
-20,-6,VtjmrV63qYNuPg+9nXAHKD47r+Q=,P2BiRKduPaEB7IFXTKg1PAVEpVw=
-21,-6,VtjmrV63qYNuPg+9nXAHKD47r+Q=,P2BiRKduPaEB7IFXTKg1PAVEpVw=
-22,-6,VtjmrV63qYNuPg+9nXAHKD47r+Q=,P2BiRKduPaEB7IFXTKg1PAVEpVw=
-23,-6,VtjmrV63qYNuPg+9nXAHKD47r+Q=,P2BiRKduPaEB7IFXTKg1PAVEpVw=
-22,-5,VtjmrV63qYNuPg+9nXAHKD47r+Q=,P2BiRKduPaEB7IFXTKg1PAVEpVw=
-21,-2,VtjmrV63qYNuPg+9nXAHKD47r+Q=,P2BiRKduPaEB7IFXTKg1PAVEpVw=
-23,-8,VtjmrV63qYNuPg+9nXAHKD47r+Q=,P2BiRKduPaEB7IFXTKg1PAVEpVw=
-20,-4,VtjmrV63qYNuPg+9nXAHKD47r+Q=,P2BiRKduPaEB7IFXTKg1PAVEpVw=
-24,-8,VtjmrV63qYNuPg+9nXAHKD47r+Q=,P2BiRKduPaEB7IFXTKg1PAVEpVw=
-20,-8,VtjmrV63qYNuPg+9nXAHKD47r+Q=,P2BiRKduPaEB7IFXTKg1PAVEpVw=
-23,-5,VtjmrV63qYNuPg+9nXAHKD47r+Q=,P2BiRKduPaEB7IFXTKg1PAVEpVw=
-21,-4,VtjmrV63qYNuPg+9nXAHKD47r+Q=,P2BiRKduPaEB7IFXTKg1PAVEpVw=
-22,-4,VtjmrV63qYNuPg+9nXAHKD47r+Q=,P2BiRKduPaEB7IFXTKg1PAVEpVw=
-23,-4,VtjmrV63qYNuPg+9nXAHKD47r+Q=,P2BiRKduPaEB7IFXTKg1PAVEpVw=
-24,-4,VtjmrV63qYNuPg+9nXAHKD47r+Q=,P2BiRKduPaEB7IFXTKg1PAVEpVw=
